id,first_name,last_name,email,gender,ip_address,SecretNumber,DateReceived
1,Yetty,Silkstone,ysilkstone0@youtu.be,Female,127.31.162.243,3577316917755149,7/30/2017
2,Kay,McCarney,kmccarney1@psu.edu,Female,240.132.20.60,67710195328995632,4/5/2015
3,Darren,Ovenell,dovenell2@reference.com,Male,214.84.247.214,5100144946163973,3/23/2016
4,Rozalin,Tace,rtace3@weibo.com,Female,9.114.230.249,3574403252044199,10/17/2016
5,Petey,Halgarth,phalgarth4@elegantthemes.com,Male,180.1.86.63,3558217295789762,10/6/2013
6,Donny,Vedeshkin,dvedeshkin5@taobao.com,Male,190.101.199.141,3588663614004421,9/20/2013
7,Rudd,Sherebrooke,rsherebrooke6@home.pl,Male,107.247.134.197,633366573837143488,3/1/2016
8,Gregg,Earles,gearles7@w3.org,Male,34.65.150.151,5564061304546491,5/12/2017
9,Amelina,Boleyn,aboleyn8@squidoo.com,Female,22.164.20.10,5476311240272703,4/15/2017
10,Adriaens,Bluett,abluett9@whitehouse.gov,Female,214.123.253.6,5136615892764268,7/1/2015
11,Eliza,Phettiplace,ephettiplacea@auda.org.au,Female,32.96.243.234,3534205637647896,6/7/2015
12,Claybourne,Battye,cbattyeb@nyu.edu,Male,235.213.230.135,5602259509092477,2/6/2016
13,Nick,Cratchley,ncratchleyc@earthlink.net,Male,4.75.199.130,30091915199239,2/29/2016
14,Kelly,Rosenstengel,krosenstengeld@wisc.edu,Male,234.20.179.228,3584944843895779,11/25/2015
15,Chrisy,Jaffa,cjaffae@is.gd,Male,146.119.51.202,3539485581478416,8/5/2016
16,Stacee,Twamley,stwamleyf@cam.ac.uk,Male,83.127.148.115,30021001450048,9/9/2016
17,Willamina,Bydaway,wbydawayg@barnesandnoble.com,Female,217.73.222.210,343932458357845,1/23/2015
18,Jone,Benedito,jbeneditoh@smugmug.com,Male,175.213.203.228,3531731568957726,3/29/2015
19,Lexis,Dalgardno,ldalgardnoi@wikispaces.com,Female,213.204.161.102,3581100505893718,2/23/2016
20,My,Rushton,mrushtonj@arstechnica.com,Male,63.39.125.78,3572939480614529,6/17/2014
21,Barnebas,Andreacci,bandreaccik@oaic.gov.au,Male,200.3.203.239,5602233561311695,2/10/2017
22,Stella,Lownsbrough,slownsbroughl@globo.com,Female,222.181.73.211,6709920378304000174,7/14/2017
23,Nancy,Laviss,nlavissm@elpais.com,Female,148.48.63.109,3554389056878300,5/6/2014
24,Ethel,Mackin,emackinn@squarespace.com,Female,137.187.3.233,3579753985414233,3/2/2014
25,Carrissa,Knoller,cknollero@discovery.com,Female,74.142.176.51,371890170426733,8/31/2017
26,Gwenette,Dedham,gdedhamp@stumbleupon.com,Female,176.72.94.151,5108754775764071,8/23/2016
27,Darell,Carse,dcarseq@elpais.com,Female,237.94.83.171,3582779963979132,5/9/2014
28,Lyndsay,Doddrell,ldoddrellr@yandex.ru,Female,64.186.43.220,4041374868693,2/11/2016
29,Carlita,Jensen,cjensens@goodreads.com,Female,62.249.239.222,4041371124264,9/8/2013
30,Isaak,Easterby,ieasterbyt@deliciousdays.com,Male,156.21.161.176,503892861997554604,12/7/2015
31,Margalit,Ebben,mebbenu@mozilla.org,Female,222.64.5.30,4508623253290033,11/21/2015
32,Abram,Spurr,aspurrv@prweb.com,Male,36.226.74.207,337941540499364,9/28/2016
33,Booth,Bevar,bbevarw@bloomberg.com,Male,133.229.92.39,3546327451007290,5/22/2016
34,Aurie,Chaster,achasterx@hp.com,Female,56.14.235.71,5602244950058052,11/1/2015
35,Jeremias,Murt,jmurty@artisteer.com,Male,137.144.251.188,3542511130375293,8/19/2015
36,Eziechiele,Artinstall,eartinstallz@ibm.com,Male,138.16.181.221,3566620113319706,12/19/2014
37,Dunstan,Josupeit,djosupeit10@google.cn,Male,71.90.49.137,06047040988951917,12/7/2013
38,Christel,Carswell,ccarswell11@wiley.com,Female,81.180.84.137,3583805251968393,9/28/2016
39,Austina,Popeley,apopeley12@miitbeian.gov.cn,Female,206.213.29.243,3563858671988461,3/22/2015
40,Justina,Whye,jwhye13@examiner.com,Female,36.233.117.213,3564549719412940,7/27/2014
41,Carlo,Gemeau,cgemeau14@mozilla.com,Male,219.241.147.199,3583998586856811,4/4/2016
42,Tobiah,Shardlow,tshardlow15@nps.gov,Male,179.196.14.171,201568550510195,7/12/2017
43,Isabelita,Hallbord,ihallbord16@flavors.me,Female,126.105.11.130,4905222320494964,5/24/2014
44,Giffy,Bootyman,gbootyman17@odnoklassniki.ru,Male,169.143.223.158,3529163410722898,8/10/2014
45,Cordy,Sherrin,csherrin18@bloglines.com,Male,135.33.105.113,3530166556144931,5/27/2017
46,Simona,Pfeffel,spfeffel19@goo.gl,Female,3.23.105.239,3563136499681885,8/20/2016
47,Trixie,Fish,tfish1a@amazon.co.uk,Female,228.226.231.134,670947318215765126,12/10/2016
48,Lacee,Dorin,ldorin1b@printfriendly.com,Female,66.15.110.107,3532989609934034,12/27/2014
49,Denis,Upward,dupward1c@livejournal.com,Male,85.25.48.179,4917665222274700,6/30/2015
50,Nicoli,Arbuckle,narbuckle1d@msn.com,Female,57.139.200.175,6304849344989298,2/13/2014
51,Robinet,Stott,rstott1e@apple.com,Male,106.114.130.215,5100145020998747,6/22/2016
52,Skipper,Cottrell,scottrell1f@craigslist.org,Male,112.58.69.55,675993102754872952,8/6/2016
53,Gerianna,Culmer,gculmer1g@cornell.edu,Female,208.66.144.50,374288842667684,3/11/2015
54,Ilyssa,Hubbucke,ihubbucke1h@unesco.org,Female,27.205.148.74,4405160968781901,3/12/2015
55,Lucille,Demko,ldemko1i@feedburner.com,Female,153.131.56.129,3560612081493890,12/12/2015
56,Elisabeth,Brooker,ebrooker1j@comsenz.com,Female,205.178.220.155,3548728988044268,3/28/2014
57,Hally,Lesley,hlesley1k@noaa.gov,Female,238.58.43.78,633421314565208448,10/26/2016
58,Renate,Svanetti,rsvanetti1l@plala.or.jp,Female,23.67.111.6,3541044874505256,12/25/2014
59,Kacey,Jaynes,kjaynes1m@last.fm,Female,89.19.42.112,5602242010896040,5/18/2014
60,Sonnnie,Goucher,sgoucher1n@upenn.edu,Female,23.247.14.252,3576929114259409,12/13/2015
61,Witty,Rivelin,wrivelin1o@adobe.com,Male,30.164.199.247,5602215401915199,10/29/2016
62,Krisha,Mounsey,kmounsey1p@mysql.com,Male,158.226.131.169,3546602730951330,9/15/2015
63,Cherlyn,Reinard,creinard1q@cbc.ca,Female,132.189.168.86,56022546147661837,10/12/2015
64,Beale,McKnish,bmcknish1r@wordpress.com,Male,76.33.166.128,5271933039967727,5/16/2016
65,Berni,Fayerman,bfayerman1s@yellowbook.com,Female,62.74.213.217,67613892209343928,6/5/2017
66,Kimberlee,Tallquist,ktallquist1t@netscape.com,Female,68.113.194.199,3577837734177001,7/20/2014
67,Orin,Vinter,ovinter1u@dmoz.org,Male,139.146.248.98,06046934255440888,11/26/2015
68,Sheree,MacIlraith,smacilraith1v@w3.org,Female,79.56.253.243,58936611734754998,3/22/2014
69,Timi,Lemonnier,tlemonnier1w@fotki.com,Female,92.96.185.202,5100170872229066,2/19/2014
70,Curran,Tourry,ctourry1x@bloomberg.com,Male,177.15.19.49,5048373078551177,12/4/2015
71,Grace,Brotherwood,gbrotherwood1y@techcrunch.com,Male,65.42.242.211,3571943148781333,10/2/2014
72,Giulietta,Josephov,gjosephov1z@techcrunch.com,Female,60.46.110.33,3532216571132185,12/10/2015
73,Gallagher,Renihan,grenihan20@people.com.cn,Male,82.87.29.101,491123331451007027,5/5/2017
74,Cortney,Daniau,cdaniau21@vimeo.com,Female,109.206.183.150,3562613389032800,9/26/2016
75,Cookie,Shildrick,cshildrick22@jimdo.com,Female,94.15.34.174,5610953218693555,3/13/2014
76,Neale,Portal,nportal23@pen.io,Male,12.249.117.82,30461012019558,6/27/2014
77,Leodora,Sharma,lsharma24@merriam-webster.com,Female,1.97.164.215,3588112587897379,10/14/2014
78,Rollin,Dovidaitis,rdovidaitis25@indiatimes.com,Male,234.88.153.28,4903041507639023114,4/26/2015
79,Ezmeralda,De Robertis,ederobertis26@epa.gov,Female,84.22.45.77,5216587055064617,5/26/2017
80,Moshe,Gabrieli,mgabrieli27@mapquest.com,Male,78.12.187.136,3550135901621930,11/23/2016
81,Dilly,Impson,dimpson28@mediafire.com,Male,75.187.224.149,5602243534260150,1/17/2014
82,Wright,Mathers,wmathers29@dedecms.com,Male,77.178.255.230,5100140113382438,6/27/2014
83,Fernande,Redwing,fredwing2a@cargocollective.com,Female,189.125.233.208,6762269430907485571,8/15/2016
84,Demetra,Blase,dblase2b@discovery.com,Female,12.114.165.89,5038514602807211,1/3/2014
85,Blondy,Sima,bsima2c@google.ca,Female,48.74.41.32,30371951376648,8/2/2017
86,Felisha,Fluit,ffluit2d@tiny.cc,Female,100.176.116.68,3585808497271950,9/24/2016
87,Marleen,McNess,mmcness2e@fastcompany.com,Female,26.62.123.141,5610238027975124,5/12/2016
88,Danya,Kieran,dkieran2f@ifeng.com,Male,247.182.35.27,6761592022040150,5/11/2015
89,Shurlocke,Bate,sbate2g@hugedomains.com,Male,11.116.64.231,5602214143382529,9/5/2015
90,Winona,Blowes,wblowes2h@tmall.com,Female,156.59.73.103,201541999694201,1/23/2015
91,Aura,Benedito,abenedito2i@epa.gov,Female,15.113.148.11,5007665052630318,12/25/2013
92,Evonne,Ashbolt,eashbolt2j@wikipedia.org,Female,78.157.98.195,3534525783215150,12/2/2013
93,Normand,Gallally,ngallally2k@discuz.net,Male,142.161.219.251,3534651290600518,4/19/2016
94,Carlie,Corkan,ccorkan2l@seattletimes.com,Female,90.247.80.168,5100141235415122,4/3/2014
95,Rollo,Durdle,rdurdle2m@foxnews.com,Male,0.182.129.250,3552896403201459,8/15/2014
96,Dorree,Librey,dlibrey2n@taobao.com,Female,209.72.15.84,3574233822501182,9/5/2017
97,Mair,Gyorgy,mgyorgy2o@scribd.com,Female,164.21.105.99,4405319397878973,2/16/2016
98,Aurea,Millis,amillis2p@jimdo.com,Female,128.68.247.38,3549119854313814,12/15/2014
99,Baillie,Gildea,bgildea2q@amazon.co.uk,Male,179.220.16.17,3533328673050444,9/18/2014
100,Paola,Moakler,pmoakler2r@technorati.com,Female,51.166.147.95,3556722831810784,1/28/2015
101,Blisse,Ondrak,bondrak2s@tuttocitta.it,Female,255.123.41.116,501884917097372091,1/2/2017
102,Cathrine,Beasleigh,cbeasleigh2t@bandcamp.com,Female,216.160.184.61,491138412636051867,11/7/2016
103,Dory,Austin,daustin2u@uol.com.br,Male,184.253.21.144,3571759024936688,4/21/2015
104,Ricki,Frowd,rfrowd2v@etsy.com,Female,43.92.110.144,3571588426029465,9/17/2014
105,Dorri,Moppett,dmoppett2w@webnode.com,Female,201.156.211.194,3536728460488698,10/11/2013
106,Jareb,Simonou,jsimonou2x@jugem.jp,Male,93.72.75.100,67625069607450219,7/1/2016
107,Noami,Ambrus,nambrus2y@ezinearticles.com,Female,46.130.191.220,589323094460540474,7/7/2016
108,Casey,Beavers,cbeavers2z@webnode.com,Male,142.51.149.147,4911364222648361495,10/31/2013
109,Isac,Clampe,iclampe30@barnesandnoble.com,Male,250.207.173.178,3581704991604438,4/30/2015
110,Valry,Gladtbach,vgladtbach31@free.fr,Female,167.91.45.212,201819808808703,11/21/2015
111,Marget,Carver,mcarver32@arizona.edu,Female,123.79.146.222,374288460834418,9/20/2013
112,Elysee,Browncey,ebrowncey33@elegantthemes.com,Female,97.232.69.2,6759057241802878006,3/20/2017
113,Hildegaard,Evamy,hevamy34@hp.com,Female,176.217.136.135,6376362625823841,6/17/2015
114,Angelica,De la Yglesia,adelayglesia35@51.la,Female,31.149.252.49,5602225113489813,7/30/2016
115,Richardo,Jacquemy,rjacquemy36@paginegialle.it,Male,85.5.151.158,3573515189552787,3/21/2014
116,Dur,Darwent,ddarwent37@zdnet.com,Male,28.114.43.130,6304849262334915,2/24/2016
117,Kirby,Seeds,kseeds38@networkadvertising.org,Male,121.135.154.209,3544683796877942,6/25/2014
118,Giffie,Letchford,gletchford39@cbsnews.com,Male,155.38.19.16,3535484974548673,4/1/2015
119,Meyer,Goldes,mgoldes3a@cbslocal.com,Male,6.106.58.104,5002354647702149,2/4/2016
120,Cedric,Lorincz,clorincz3b@sina.com.cn,Male,54.77.252.92,3562492143728932,7/6/2016
121,Judon,Bilsford,jbilsford3c@psu.edu,Male,180.14.15.151,4017958130362827,2/8/2015
122,Gerick,Roskell,groskell3d@dropbox.com,Male,46.88.36.101,3560389485774189,9/13/2016
123,Glynis,Grinov,ggrinov3e@wikia.com,Female,20.36.0.87,3534488622461206,9/18/2013
124,Augustus,Roncelli,aroncelli3f@merriam-webster.com,Male,107.103.112.39,3541364137540779,12/16/2016
125,Abbe,Brunon,abrunon3g@sina.com.cn,Male,83.37.151.3,589302736342064405,3/10/2016
126,Celesta,Itzcovich,citzcovich3h@senate.gov,Female,231.6.92.134,345077428733762,10/29/2014
127,Mame,Zecchii,mzecchii3i@wix.com,Female,120.11.17.109,3547962759524999,2/16/2014
128,Cesar,Saggers,csaggers3j@rediff.com,Male,10.53.32.164,3587170112603143,5/15/2016
129,Sioux,Frensche,sfrensche3k@engadget.com,Female,42.240.161.45,6333327497455800,10/29/2013
130,Garry,McRobert,gmcrobert3l@columbia.edu,Male,113.94.248.61,3551890316058115,5/15/2016
131,Keefer,Braunstein,kbraunstein3m@usatoday.com,Male,59.56.99.229,3532152390348753,7/30/2014
132,Warren,Kimbrey,wkimbrey3n@newyorker.com,Male,246.121.86.101,56106614044035445,4/21/2015
133,Kerwin,Dirkin,kdirkin3o@nps.gov,Male,217.85.170.75,3566330641465258,1/18/2016
134,Gerald,Krysiak,gkrysiak3p@google.nl,Male,172.5.125.54,201451410549457,4/8/2017
135,Natasha,MacKeig,nmackeig3q@sohu.com,Female,110.113.206.208,201762442643716,6/11/2015
136,Waylan,Veljes,wveljes3r@geocities.jp,Male,24.16.238.8,633495742390419916,11/12/2016
137,Charlie,Stogill,cstogill3s@whitehouse.gov,Male,189.53.5.191,6304321159669134,3/7/2016
138,Adan,Alabaster,aalabaster3t@amazon.com,Male,240.76.117.186,6767652135410866,6/19/2016
139,Kip,Schwander,kschwander3u@disqus.com,Female,10.32.81.220,3567359405717983,12/24/2016
140,Veradis,Studdeard,vstuddeard3v@weibo.com,Female,253.215.29.122,3562242881667663,9/7/2016
141,Dolf,Easeman,deaseman3w@slashdot.org,Male,208.170.116.23,5020473005875947,8/27/2017
142,Sheelah,Fardy,sfardy3x@gravatar.com,Female,102.109.151.64,5602232446278152,4/28/2017
143,Vin,Gildea,vgildea3y@wikimedia.org,Male,131.134.33.249,3587068689613943,5/13/2015
144,Tailor,Denk,tdenk3z@opera.com,Male,45.196.13.98,5048375410386782,12/14/2014
145,Alfy,Sherel,asherel40@trellian.com,Female,207.155.158.35,4026803811754562,5/20/2017
146,Gene,Banstead,gbanstead41@zimbio.com,Male,205.158.251.174,201903168778878,6/6/2014
147,Uriah,Barroux,ubarroux42@army.mil,Male,24.136.78.222,201414145522181,7/13/2017
148,Byran,Pizzey,bpizzey43@cpanel.net,Male,170.35.43.200,3539169473271721,10/8/2014
149,Evangeline,Jedrzejewsky,ejedrzejewsky44@unesco.org,Female,53.78.80.160,3546664763608047,6/28/2017
150,Winnie,Dudeney,wdudeney45@craigslist.org,Female,164.198.254.204,3557107190283196,1/22/2017
151,Mariska,Bellwood,mbellwood46@disqus.com,Female,61.112.132.184,670926552282846402,1/8/2014
152,Antoni,Otterwell,aotterwell47@nih.gov,Male,110.145.42.221,3584494090921027,2/25/2015
153,Marijn,Ferrieroi,mferrieroi48@fotki.com,Male,74.74.96.250,3563201402959669,4/11/2017
154,Abdul,McGillivrie,amcgillivrie49@smh.com.au,Male,94.13.11.60,3545557878390538,1/6/2014
155,Noah,Helleckas,nhelleckas4a@springer.com,Male,20.85.112.92,3565402455256064,11/19/2013
156,Valida,Burdass,vburdass4b@paypal.com,Female,4.82.82.121,201702700648338,5/29/2017
157,Junette,McKeand,jmckeand4c@businesswire.com,Female,210.111.20.81,67064896919738768,2/9/2016
158,Lyndy,Giacomi,lgiacomi4d@feedburner.com,Female,255.208.38.157,30450851202128,11/5/2014
159,Erina,Emmens,eemmens4e@amazonaws.com,Female,47.40.200.39,3549991281851222,3/1/2017
160,Willy,Beaford,wbeaford4f@bizjournals.com,Male,38.251.173.226,6304546577709944,5/2/2016
161,Ricard,Bachmann,rbachmann4g@hostgator.com,Male,79.55.249.121,3532222201452969,10/6/2014
162,Darcey,Hulmes,dhulmes4h@answers.com,Female,17.238.186.155,501837720129773502,8/8/2017
163,Terri-jo,Hakonsson,thakonsson4i@dyndns.org,Female,7.95.46.30,4175009722623404,7/15/2015
164,Celinda,Beacham,cbeacham4j@github.io,Female,48.225.4.19,201711742829871,1/17/2014
165,Thorin,Ditts,tditts4k@xrea.com,Male,25.136.207.204,3572869146083225,3/4/2017
166,Mariska,Pawelczyk,mpawelczyk4l@cpanel.net,Female,126.123.11.162,374622692171571,8/12/2017
167,Rip,Schrei,rschrei4m@cnn.com,Male,86.79.18.167,30371717988579,3/18/2017
168,Ginelle,Henrion,ghenrion4n@constantcontact.com,Female,244.245.159.211,3577079872399424,7/9/2015
169,Maegan,Nottingam,mnottingam4o@amazon.com,Female,27.123.190.243,3580362895113534,2/9/2014
170,Kin,Dudek,kdudek4p@nature.com,Male,106.51.244.240,5108751587103670,1/24/2014
171,Deloris,Daughtry,ddaughtry4q@wp.com,Female,112.23.197.207,201959915575686,8/11/2017
172,Milli,Maundrell,mmaundrell4r@wufoo.com,Female,66.110.113.159,3546095731803339,6/24/2017
173,Elston,Campanelle,ecampanelle4s@jimdo.com,Male,66.53.235.242,3540398785814236,5/11/2016
174,Amby,Forson,aforson4t@cornell.edu,Male,5.190.246.61,3533073687465218,3/3/2016
175,Wilhelmina,Matton,wmatton4u@mapquest.com,Female,163.137.227.105,3543593372107724,4/12/2016
176,Vania,Spalding,vspalding4v@addthis.com,Female,63.226.111.17,201624861147076,6/27/2015
177,Washington,Dearsley,wdearsley4w@home.pl,Male,35.11.106.95,5602232654685247,9/18/2016
178,Fabien,Litterick,flitterick4x@tiny.cc,Male,13.22.100.229,5431053852534731,9/1/2017
179,Dacie,MacDonogh,dmacdonogh4y@independent.co.uk,Female,251.64.203.152,3551407363082144,8/2/2015
180,Hortensia,De Freitas,hdefreitas4z@whitehouse.gov,Female,14.220.44.130,3537841942819189,2/20/2016
181,Irena,Bertomieu,ibertomieu50@va.gov,Female,53.241.79.206,3542743473642340,5/12/2016
182,Valene,Teasdale-Markie,vteasdalemarkie51@pcworld.com,Female,149.97.93.119,3544746777798781,2/5/2015
183,Jackqueline,Shales,jshales52@livejournal.com,Female,64.206.92.141,374283576999536,12/2/2016
184,Cullan,Schellig,cschellig53@economist.com,Male,252.209.150.122,3576979761716441,6/24/2016
185,Wynn,Masdin,wmasdin54@netlog.com,Female,18.11.193.251,5100170431989135,9/7/2016
186,Marion,Viccary,mviccary55@apple.com,Male,242.22.30.234,30026522977999,5/6/2017
187,Tracee,Lyptrit,tlyptrit56@stumbleupon.com,Female,11.196.46.67,6396779316944949,6/6/2017
188,Bebe,Bonsall,bbonsall57@deliciousdays.com,Female,39.106.229.20,3575008502180849,9/27/2014
189,Mac,Withnall,mwithnall58@sphinn.com,Male,182.23.31.60,3541121678049929,7/14/2015
190,Dalt,Cursons,dcursons59@symantec.com,Male,146.220.190.85,5354020339919598,8/8/2015
191,Emily,Crosby,ecrosby5a@theglobeandmail.com,Female,147.157.167.240,3572492646705062,6/20/2017
192,Karleen,Neilan,kneilan5b@photobucket.com,Female,234.227.82.43,6378691491741614,12/21/2013
193,Val,Cainey,vcainey5c@bizjournals.com,Male,177.17.111.73,4405431742473325,8/24/2015
194,Mannie,Lamprecht,mlamprecht5d@mayoclinic.com,Male,68.130.238.155,3580898710404178,5/8/2017
195,Appolonia,Dudding,adudding5e@google.co.uk,Female,228.57.205.67,5018011330323762216,1/5/2015
196,Clementia,Bulfoot,cbulfoot5f@furl.net,Female,120.197.163.229,5010126801160110,1/6/2016
197,Chane,Cleator,ccleator5g@census.gov,Male,162.99.214.233,3557859062158696,1/28/2017
198,Christiano,Dries,cdries5h@illinois.edu,Male,84.197.132.51,30487168951013,3/6/2017
199,Nat,Van Merwe,nvanmerwe5i@ustream.tv,Male,69.201.170.174,5018001309661905,3/17/2014
200,Amalia,Millam,amillam5j@newsvine.com,Female,162.28.161.60,3549557662034629,5/7/2016
201,Karissa,Wiltshier,kwiltshier5k@newyorker.com,Female,109.124.102.45,3549970044784946,8/29/2016
202,Justus,Fley,jfley5l@ft.com,Male,112.105.129.152,30582968988858,10/4/2015
203,Jordan,Bengle,jbengle5m@sina.com.cn,Male,236.231.152.235,4917425956912680,7/2/2016
204,Harley,Lowmass,hlowmass5n@creativecommons.org,Female,176.231.49.149,560224551441135139,5/18/2015
205,Gabriel,Gallier,ggallier5o@tinypic.com,Female,128.64.47.104,5100143429175140,4/14/2016
206,Olivero,Krout,okrout5p@latimes.com,Male,175.128.0.168,3574437814283135,7/16/2016
207,Margalo,O' Mullan,momullan5q@netlog.com,Female,152.54.89.214,201437201327500,1/6/2014
208,Brooke,Pitney,bpitney5r@vistaprint.com,Male,230.175.63.189,6709915290009729428,9/16/2015
209,Hart,Bromby,hbromby5s@xinhuanet.com,Male,92.87.240.169,3566822444052671,7/23/2015
210,Allyn,Beig,abeig5t@cnbc.com,Male,50.31.185.78,3581698560350540,6/30/2016
211,Omero,Beining,obeining5u@walmart.com,Male,70.127.132.26,58932242291351897,11/22/2015
212,Lauretta,Knowlton,lknowlton5v@mayoclinic.com,Female,175.145.89.59,4041596024372,8/1/2014
213,Demetria,Mazzeo,dmazzeo5w@youtube.com,Female,159.138.195.202,30301255656981,9/20/2013
214,Bob,Lewnden,blewnden5x@gravatar.com,Male,188.60.51.238,201633500258368,5/30/2017
215,Ingemar,Gadie,igadie5y@epa.gov,Male,105.28.132.127,6334586463283509,7/30/2016
216,Amby,Oleksiak,aoleksiak5z@live.com,Male,69.71.187.4,6759663559854604,9/2/2014
217,Jeni,Crichmere,jcrichmere60@edublogs.org,Female,251.154.105.185,4917386914874828,8/7/2017
218,Modesty,Steenson,msteenson61@vimeo.com,Female,103.79.62.189,3574679071437421,4/15/2014
219,Marget,Barukh,mbarukh62@jigsy.com,Female,223.246.47.149,3586402628228623,5/7/2014
220,Ailina,Abbis,aabbis63@youtube.com,Female,230.110.53.54,67616994549656048,9/15/2015
221,Roosevelt,Eldredge,reldredge64@zdnet.com,Male,219.162.189.66,4027475013644,8/8/2014
222,Jessi,Cawthera,jcawthera65@etsy.com,Female,158.115.79.18,67060390034269259,4/27/2015
223,Paolo,Elphey,pelphey66@arizona.edu,Male,113.89.89.203,6762555020021628256,10/15/2014
224,Rycca,McCartney,rmccartney67@archive.org,Female,29.103.28.64,3587759179500604,2/15/2017
225,Austin,Ranscomb,aranscomb68@hubpages.com,Female,3.152.159.168,3571222544954038,5/27/2014
226,Nollie,Pattullo,npattullo69@ebay.co.uk,Male,64.196.233.165,560222594349144409,12/19/2014
227,Steffane,Brownlee,sbrownlee6a@mozilla.org,Female,20.104.230.241,670676222347122155,10/16/2013
228,Whitaker,Haymes,whaymes6b@harvard.edu,Male,126.178.88.159,3570818524387122,11/29/2013
229,Lucine,Manach,lmanach6c@disqus.com,Female,9.205.35.225,560221031051052372,10/15/2016
230,Griffy,Antrack,gantrack6d@flickr.com,Male,243.11.77.237,5400710868871236,7/11/2014
231,Ingaberg,Sizzey,isizzey6e@php.net,Female,97.25.95.238,4405234237736051,5/10/2014
232,Rosa,Chaldecott,rchaldecott6f@discovery.com,Female,106.35.194.115,337941072006173,3/29/2014
233,Olympie,Mathes,omathes6g@jugem.jp,Female,109.31.93.205,3532043280682106,12/14/2013
234,Dani,Melchior,dmelchior6h@surveymonkey.com,Male,190.197.186.164,201986812353578,8/24/2014
235,Karalee,Dorking,kdorking6i@forbes.com,Female,138.67.35.208,5641825574890707,11/3/2013
236,Renelle,Narraway,rnarraway6j@github.io,Female,92.156.186.149,6763334496493468,9/13/2015
237,Cristabel,Iron,ciron6k@ezinearticles.com,Female,104.5.94.212,372301926836067,5/20/2016
238,Ric,Castaneda,rcastaneda6l@webeden.co.uk,Male,189.121.15.240,3544164469022413,4/17/2016
239,Karim,Renneke,krenneke6m@ow.ly,Male,218.126.92.149,5048373344492347,4/2/2015
240,Emery,Kops,ekops6n@cnet.com,Male,176.141.21.81,3537099400467583,12/30/2016
241,Rubia,Burnip,rburnip6o@sourceforge.net,Female,213.115.248.100,6304854628795825,10/3/2014
242,Quintilla,Lathwell,qlathwell6p@adobe.com,Female,127.19.50.193,3539948906305796,2/3/2016
243,Letti,Nutkin,lnutkin6q@purevolume.com,Female,35.13.204.231,5450378179729961,2/4/2014
244,Bernie,Gaitskill,bgaitskill6r@blogtalkradio.com,Female,168.221.6.111,5602247708959190,5/27/2014
245,Silvano,Fuentes,sfuentes6s@scientificamerican.com,Male,170.222.102.133,3578433825185548,4/24/2017
246,Rorke,Hyett,rhyett6t@desdev.cn,Male,141.35.26.136,5602216795711871,9/10/2013
247,Bourke,Deedes,bdeedes6u@engadget.com,Male,70.223.40.207,4913437949093076,9/18/2016
248,Filberto,Franciotti,ffranciotti6v@linkedin.com,Male,204.2.107.110,3566975683622644,2/13/2014
249,Newton,Gardner,ngardner6w@sogou.com,Male,4.159.252.64,5459935536535299,7/16/2015
250,Doloritas,Cowing,dcowing6x@diigo.com,Female,129.235.142.181,3586255845144548,11/10/2014
251,Joline,Moore,jmoore6y@msn.com,Female,99.252.235.228,3556708459186953,3/24/2016
252,Meredith,Dohr,mdohr6z@mapy.cz,Female,66.149.22.76,5610937187439140,4/26/2014
253,Delinda,Bewshaw,dbewshaw70@yahoo.co.jp,Female,158.65.158.40,201787149610452,12/31/2015
254,Sherwin,Tarn,starn71@tiny.cc,Male,29.217.46.57,3587316210872987,12/5/2016
255,Melina,Scamal,mscamal72@yandex.ru,Female,241.218.222.170,3557529626333115,4/28/2017
256,Carry,Charters,ccharters73@exblog.jp,Female,158.43.139.56,3559135800492079,11/24/2014
257,Nolana,Worral,nworral74@goo.gl,Female,129.117.46.115,3588617496776845,11/4/2015
258,Nathanial,McKain,nmckain75@epa.gov,Male,179.167.183.194,5602249937750614,3/27/2014
259,Monti,MacGowan,mmacgowan76@studiopress.com,Male,160.112.206.189,4903917343948226888,6/17/2015
260,Gates,Jowett,gjowett77@last.fm,Female,59.139.187.254,3558974729200531,3/19/2017
261,Joseito,Welbourn,jwelbourn78@japanpost.jp,Male,175.140.198.93,372301249339591,10/17/2014
262,Donn,Gley,dgley79@biglobe.ne.jp,Male,125.133.19.86,4026903166125689,5/7/2014
263,Hadleigh,Quarles,hquarles7a@1und1.de,Male,116.49.91.79,5100139431002272,5/2/2016
264,Adriena,Andersen,aandersen7b@cnn.com,Female,214.223.111.221,501824842292972953,9/25/2014
265,Phil,Elvins,pelvins7c@umich.edu,Male,104.81.30.243,36929519833774,2/17/2016
266,Dix,Goldsack,dgoldsack7d@dot.gov,Female,211.152.2.204,589303734561932112,11/8/2013
267,Violette,Concannon,vconcannon7e@privacy.gov.au,Female,63.146.89.76,3582871873048114,2/23/2015
268,Emilee,Blankett,eblankett7f@mtv.com,Female,118.53.100.4,3557482116513517,11/6/2013
269,Mikel,Jevons,mjevons7g@senate.gov,Male,107.214.193.128,3540190491398566,11/6/2015
270,Christean,Risso,crisso7h@google.com.au,Female,225.193.0.48,3585491370424747,2/19/2014
271,Grady,Marcus,gmarcus7i@devhub.com,Male,253.24.24.204,372301676731021,7/12/2015
272,Felix,Crow,fcrow7j@utexas.edu,Male,227.140.228.120,3550928130703978,8/27/2017
273,Darrick,Glenn,dglenn7k@technorati.com,Male,60.26.66.171,3576835309700091,12/20/2014
274,Valdemar,Berrane,vberrane7l@fema.gov,Male,121.138.139.67,5602214717655896,11/16/2014
275,Marie-jeanne,McCunn,mmccunn7m@webs.com,Female,74.233.123.14,337941578328469,8/5/2017
276,Dolores,Kightly,dkightly7n@artisteer.com,Female,175.22.31.210,30300731273502,11/1/2014
277,Nicholle,Johnikin,njohnikin7o@trellian.com,Female,141.137.238.242,374283324709773,4/7/2016
278,Smith,Dudenie,sdudenie7p@booking.com,Male,221.178.114.208,67093639170876629,6/12/2016
279,Zackariah,Ottam,zottam7q@dagondesign.com,Male,162.145.242.40,5602257397273787,3/24/2016
280,Sam,Stoffersen,sstoffersen7r@ihg.com,Male,116.20.239.159,3584756168678923,2/4/2015
281,Sergio,Toone,stoone7s@sbwire.com,Male,129.169.249.230,3543893624986176,11/26/2013
282,Pattin,Bernardeau,pbernardeau7t@baidu.com,Male,76.0.69.253,3581620969590831,4/1/2014
283,Ulrick,McIlwraith,umcilwraith7u@jugem.jp,Male,32.110.199.73,670961907958656350,3/22/2017
284,Tedda,Sawell,tsawell7v@foxnews.com,Female,27.19.248.107,201700421637986,12/20/2015
285,Nicolina,Millthorpe,nmillthorpe7w@eventbrite.com,Female,201.230.174.20,3553588919714054,12/17/2014
286,Sallee,Instrell,sinstrell7x@fastcompany.com,Female,83.57.36.8,3544433225552520,8/1/2015
287,Elmira,Silverlock,esilverlock7y@dion.ne.jp,Female,21.186.33.164,36933968490565,7/12/2016
288,Sky,Van den Velden,svandenvelden7z@aboutads.info,Male,209.205.143.211,5108750444327100,1/19/2015
289,Linda,Daintree,ldaintree80@nationalgeographic.com,Female,129.159.220.30,6762293336683438637,2/21/2017
290,Kaja,Spera,kspera81@edublogs.org,Female,108.2.167.166,3564804080094110,2/9/2017
291,Davina,Whyborne,dwhyborne82@sbwire.com,Female,92.218.219.229,5020420281716420683,12/6/2014
292,Rori,Gammage,rgammage83@wordpress.com,Female,54.233.188.124,36519100433041,6/8/2017
293,Padgett,Baythrop,pbaythrop84@yelp.com,Male,2.226.109.198,201616757933445,6/25/2016
294,Rheba,Duferie,rduferie85@bbc.co.uk,Female,170.26.115.134,5586561801112741,2/7/2016
295,Ced,Faithfull,cfaithfull86@twitter.com,Male,33.206.234.78,5602224655205919,12/28/2014
296,Price,Greenalf,pgreenalf87@psu.edu,Male,109.6.43.134,6334958370790548,10/20/2015
297,Tildi,Merriday,tmerriday88@dedecms.com,Female,126.35.135.180,201539734039757,7/15/2014
298,Devland,Huckster,dhuckster89@csmonitor.com,Male,204.182.21.147,5417431396411038,10/24/2015
299,Kelcey,Tebbs,ktebbs8a@discuz.net,Female,2.74.73.138,4041594053076,8/23/2014
300,Verna,Cato,vcato8b@nymag.com,Female,118.83.113.37,6767989348087921504,12/24/2015
301,Arnoldo,Capstick,acapstick8c@ning.com,Male,176.19.49.170,3588460031018013,8/7/2016
302,Forrest,Trousdell,ftrousdell8d@bloglovin.com,Male,48.48.59.108,3572215964906222,6/15/2014
303,Brew,Mingasson,bmingasson8e@youtube.com,Male,12.254.112.0,30397895141475,7/8/2015
304,Cleopatra,Saxton,csaxton8f@prweb.com,Female,196.198.43.212,5610723557423975,1/10/2014
305,Boris,Thurby,bthurby8g@facebook.com,Male,153.64.151.196,3539576028600958,8/12/2016
306,Sergei,Dyment,sdyment8h@domainmarket.com,Male,28.237.96.126,3557429376461143,4/13/2014
307,Levon,Basilotta,lbasilotta8i@chron.com,Male,97.234.162.39,6762724747021562327,3/8/2017
308,Berty,Marriage,bmarriage8j@rakuten.co.jp,Female,130.165.21.185,490358524480629856,3/8/2014
309,Adelheid,Farland,afarland8k@microsoft.com,Female,171.208.184.228,4905981697521163560,2/2/2016
310,Kizzee,Qusklay,kqusklay8l@timesonline.co.uk,Female,113.53.87.16,337941277198635,6/8/2015
311,Cart,Sponton,csponton8m@ow.ly,Male,32.14.118.147,490543554097170297,4/2/2015
312,Tommi,Bygreaves,tbygreaves8n@harvard.edu,Female,247.183.168.10,3584772725582862,5/28/2017
313,Gustav,Byne,gbyne8o@naver.com,Male,19.179.226.16,3572815355445415,2/21/2016
314,Winifield,Toothill,wtoothill8p@topsy.com,Male,98.230.237.146,5411310020298019,8/12/2016
315,Lezlie,Degue,ldegue8q@engadget.com,Female,253.67.47.150,3545330203889826,1/5/2016
316,Phylys,Swatradge,pswatradge8r@auda.org.au,Female,187.226.125.36,3565029214180952,5/7/2017
317,Nathanil,Schubart,nschubart8s@fc2.com,Male,46.29.160.12,3533122833481833,2/10/2015
318,Latrena,Uwins,luwins8t@csmonitor.com,Female,195.210.190.203,4405290556975720,12/5/2014
319,Oren,Dawkes,odawkes8u@wiley.com,Male,95.52.216.85,3549250405687685,6/30/2014
320,Amery,Aveline,aaveline8v@umich.edu,Male,7.188.29.161,36090369213938,4/16/2016
321,Sansone,Vasyutochkin,svasyutochkin8w@berkeley.edu,Male,116.77.207.164,3570950025229139,10/29/2013
322,Witty,Mattack,wmattack8x@biblegateway.com,Male,121.77.13.184,201504661197812,10/1/2015
323,Merrill,Von Welldun,mvonwelldun8y@printfriendly.com,Female,18.84.51.12,3584738139620564,6/23/2016
324,Rolando,Cockhill,rcockhill8z@bandcamp.com,Male,192.225.38.14,201472628469783,12/2/2014
325,Stirling,Wysome,swysome90@goodreads.com,Male,200.61.65.58,201885535589098,9/2/2015
326,Amby,Woolforde,awoolforde91@homestead.com,Male,97.67.227.246,5417298083145736,11/17/2013
327,Geno,McLauchlin,gmclauchlin92@free.fr,Male,66.24.185.245,5602250024673313,3/9/2016
328,Cornelius,Dutch,cdutch93@hhs.gov,Male,75.124.183.211,5038581286465292420,1/9/2016
329,Allis,Gavozzi,agavozzi94@chicagotribune.com,Female,238.42.152.92,3544992410198928,4/9/2016
330,Corri,Magnay,cmagnay95@psu.edu,Female,141.79.82.216,5602215873988138,11/2/2014
331,Chadwick,Arno,carno96@jiathis.com,Male,115.178.173.26,6304275999166731282,6/29/2014
332,Pennie,Draijer,pdraijer97@nba.com,Male,170.91.251.22,4405981321568929,8/7/2014
333,Kelila,Petracek,kpetracek98@eepurl.com,Female,175.13.93.113,3588601205730798,6/12/2015
334,Yalonda,Cersey,ycersey99@ucsd.edu,Female,75.182.1.20,5406975360183208,9/4/2017
335,Nona,Preon,npreon9a@free.fr,Female,79.251.169.41,4913360102921307,5/1/2016
336,Gertrude,Figurski,gfigurski9b@fc2.com,Female,105.56.250.127,3559294884979483,4/16/2014
337,Roderigo,Peschka,rpeschka9c@stumbleupon.com,Male,76.50.38.38,3589781211589617,2/9/2017
338,Zenia,Jobson,zjobson9d@meetup.com,Female,199.88.154.209,4833272065485211,3/14/2017
339,Ange,Churchouse,achurchouse9e@wp.com,Female,112.140.192.49,3554217360491009,5/12/2016
340,Gaylord,Mucklow,gmucklow9f@creativecommons.org,Male,51.154.248.150,374283644904831,9/27/2015
341,Ashien,Copcott,acopcott9g@weather.com,Female,118.232.100.173,3540579289248944,4/13/2015
342,Krysta,Trood,ktrood9h@ustream.tv,Female,206.72.232.109,3582116117076020,10/8/2015
343,Fredek,Caseri,fcaseri9i@google.com.hk,Male,200.80.76.134,3565685200362019,11/6/2014
344,John,McCaskill,jmccaskill9j@thetimes.co.uk,Male,95.144.40.94,6759605452388743,1/8/2016
345,Toni,Tallant,ttallant9k@imageshack.us,Female,238.194.40.40,5602234724913187,1/5/2016
346,Ephrem,Elcombe,eelcombe9l@live.com,Male,31.66.15.92,4936770840404189,1/18/2017
347,Nanine,Sylvester,nsylvester9m@jalbum.net,Female,197.170.64.166,5610525039273864,10/26/2013
348,Jade,Russen,jrussen9n@yellowpages.com,Female,60.165.67.20,4041372092775,12/13/2016
349,Loria,Knightsbridge,lknightsbridge9o@flavors.me,Female,227.250.21.249,30192193262143,7/10/2016
350,Celinka,Adam,cadam9p@mozilla.com,Female,31.50.192.42,3586676991748735,4/26/2017
351,Rollins,Longford,rlongford9q@unblog.fr,Male,194.178.56.207,376243263777452,8/30/2016
352,Terese,Toward,ttoward9r@sourceforge.net,Female,73.66.199.162,30443757823360,10/31/2014
353,Hunt,Hurche,hhurche9s@nasa.gov,Male,201.56.154.38,6304530056201249100,11/6/2013
354,Lynna,Wingate,lwingate9t@apple.com,Female,95.202.254.92,3572102862989429,3/8/2016
355,Madge,Hodge,mhodge9u@facebook.com,Female,128.108.178.103,4017953970764869,10/24/2016
356,Katti,Willshear,kwillshear9v@smh.com.au,Female,29.18.74.55,3577945896042325,3/5/2017
357,Dara,Klempke,dklempke9w@t.co,Female,87.84.31.254,3566225152524289,4/23/2015
358,Hillier,Hourston,hhourston9x@cdc.gov,Male,130.207.124.130,3558046218894981,1/27/2016
359,Delmore,Vallance,dvallance9y@yelp.com,Male,120.249.90.39,5602246009268004,10/14/2016
360,Cleon,Westbury,cwestbury9z@tmall.com,Male,177.170.67.41,6709298753357459,11/29/2013
361,Phip,Paydon,ppaydona0@ft.com,Male,172.12.22.60,5100170385580542,3/4/2016
362,Elroy,Duffell,eduffella1@gmpg.org,Male,244.5.138.219,6771618910763279282,10/26/2013
363,Myrah,Laidel,mlaidela2@irs.gov,Female,78.168.233.40,67636898853762548,3/16/2016
364,Edsel,Semmence,esemmencea3@ustream.tv,Male,128.186.33.185,3587385930454038,6/12/2017
365,Nixie,Fenimore,nfenimorea4@newyorker.com,Female,207.99.99.138,5602233937956419691,6/22/2014
366,Tremayne,Blitzer,tblitzera5@fema.gov,Male,50.45.57.75,3583285647461389,12/16/2014
367,Max,Keaysell,mkeaysella6@pcworld.com,Male,90.219.61.0,3579086632958140,4/5/2014
368,Catherina,Stoakes,cstoakesa7@fc2.com,Female,94.187.28.207,3543732397842093,8/24/2016
369,Chad,Echallie,cechalliea8@newsvine.com,Male,137.225.242.147,56022125380994278,10/15/2013
370,Nikolos,Tichner,ntichnera9@tuttocitta.it,Male,148.94.40.137,3585356775819298,4/7/2015
371,Taryn,Mattisssen,tmattisssenaa@themeforest.net,Female,200.101.66.117,3546748728729236,10/18/2015
372,Roseanne,Bousquet,rbousquetab@ovh.net,Female,133.105.181.67,3547972748311309,2/3/2014
373,Lizzy,Goodin,lgoodinac@biglobe.ne.jp,Female,168.247.88.48,3557176088297311,7/14/2016
374,Butch,Thomel,bthomelad@storify.com,Male,42.207.161.159,67615448395067892,12/7/2015
375,Filippa,Carrier,fcarrierae@youku.com,Female,6.221.204.168,201676130343373,7/2/2016
376,Chaddie,Clowes,cclowesaf@youtube.com,Male,53.118.182.219,5108759923067384,8/7/2015
377,Gerry,Veasey,gveaseyag@parallels.com,Male,139.99.90.253,30456033471515,2/15/2017
378,Johny,Warhurst,jwarhurstah@cam.ac.uk,Male,253.76.190.244,3577132766664914,2/20/2016
379,Derrik,Peetermann,dpeetermannai@zdnet.com,Male,18.152.107.197,490529979066153297,6/8/2016
380,Sabine,Tooting,stootingaj@ebay.com,Female,148.245.5.182,3574128709439722,11/28/2016
381,Chet,Glencrosche,cglencroscheak@merriam-webster.com,Male,109.77.15.76,3562148553005282,12/29/2016
382,Alejoa,Mularkey,amularkeyal@squidoo.com,Male,36.248.84.91,6763821360077269456,4/30/2016
383,Bobbye,McSperrin,bmcsperrinam@imageshack.us,Female,224.204.100.174,3573722404894271,2/9/2015
384,Saxon,Larmouth,slarmouthan@yahoo.com,Male,158.192.157.15,3531924943795123,10/5/2013
385,Adeline,Tixall,atixallao@rambler.ru,Female,242.155.49.8,56022535398922584,9/23/2015
386,Dannel,Jovanovic,djovanovicap@imgur.com,Male,122.158.78.23,3541726150677300,5/3/2014
387,Hew,Poulston,hpoulstonaq@weebly.com,Male,134.170.18.122,3528491118411923,11/2/2014
388,Ozzy,Openshaw,oopenshawar@scientificamerican.com,Male,102.179.65.62,3528579125516542,6/27/2015
389,Lyn,Larmuth,llarmuthas@mac.com,Male,216.143.30.63,3545963260534594,6/13/2017
390,Norrie,Graves,ngravesat@webs.com,Male,27.136.54.6,3570548473432971,5/19/2017
391,Jarid,Hanmore,jhanmoreau@washingtonpost.com,Male,47.199.17.59,3577837118760687,12/29/2014
392,Wandis,Robers,wrobersav@google.cn,Female,52.97.114.144,56022114674025056,10/19/2013
393,Fidela,Diamant,fdiamantaw@1und1.de,Female,89.235.202.121,3532063783259822,3/23/2014
394,Tobey,Kuhlen,tkuhlenax@hugedomains.com,Female,92.114.87.157,3539398807130432,6/10/2017
395,Lief,Goly,lgolyay@woothemes.com,Male,73.53.221.231,5602210206049916874,12/24/2014
396,Emmey,Bohills,ebohillsaz@wufoo.com,Female,26.255.149.154,6331106719662944,5/23/2014
397,Chan,Bedle,cbedleb0@1und1.de,Male,33.93.215.139,4913339637735523,3/5/2015
398,Georgie,Heims,gheimsb1@sciencedirect.com,Female,236.251.180.162,3572637771028637,9/13/2013
399,Gaylord,Baszkiewicz,gbaszkiewiczb2@example.com,Male,70.231.168.195,5570659268742410,2/21/2015
400,Ag,Wohlers,awohlersb3@ezinearticles.com,Female,48.66.192.166,5610267059139499,2/16/2016
401,Robinet,Edson,redsonb4@free.fr,Female,185.178.150.51,3555624929000529,1/20/2014
402,Tabbitha,Butler-Bowdon,tbutlerbowdonb5@twitter.com,Female,192.245.218.146,633110716420915882,2/25/2016
403,Katina,Barmby,kbarmbyb6@sohu.com,Female,44.108.204.127,201705397851412,1/26/2014
404,Cindelyn,Fattori,cfattorib7@dropbox.com,Female,183.12.175.15,5010129988921247,8/24/2016
405,Phoebe,Pumfrey,ppumfreyb8@odnoklassniki.ru,Female,191.72.63.142,3553315266167037,5/18/2016
406,Murdoch,Yearns,myearnsb9@mediafire.com,Male,210.134.129.139,4508335232437417,9/26/2015
407,Gardner,Cadwaladr,gcadwaladrba@artisteer.com,Male,192.22.152.124,3545333200483510,2/1/2014
408,Maryjo,Langshaw,mlangshawbb@ted.com,Female,96.84.134.29,3577827002767088,4/10/2014
409,Mord,Roux,mrouxbc@wikipedia.org,Male,3.120.85.80,3554854433131608,3/11/2016
410,Melodie,Beiderbecke,mbeiderbeckebd@irs.gov,Female,219.240.136.114,3581945485497892,11/10/2014
411,Gayla,Flowerdew,gflowerdewbe@sciencedirect.com,Female,163.139.3.104,374288635398075,12/1/2015
412,Mohandas,Jowett,mjowettbf@facebook.com,Male,17.87.173.173,377585882156404,7/19/2016
413,Tina,Hassent,thassentbg@epa.gov,Female,47.149.193.196,67099399119313994,1/15/2015
414,Nikki,Carbine,ncarbinebh@angelfire.com,Female,192.69.216.34,3588861108913517,6/17/2016
415,Toby,Kinworthy,tkinworthybi@time.com,Male,244.180.208.114,3549953659859906,9/19/2015
416,Florette,Lillecrop,flillecropbj@google.es,Female,214.101.17.48,3557691167860805,10/3/2016
417,Ossie,Karolovsky,okarolovskybk@edublogs.org,Male,15.3.225.244,3567331135336988,9/22/2016
418,Antonietta,Sharville,asharvillebl@friendfeed.com,Female,90.134.122.212,676177539398999988,12/27/2013
419,Moritz,Crouch,mcrouchbm@walmart.com,Male,152.238.81.220,6709036431365522,12/7/2013
420,Jermaine,Brody,jbrodybn@joomla.org,Male,40.60.223.221,6709625614744543,6/7/2015
421,Steward,Blythe,sblythebo@about.me,Male,94.218.123.30,3528534389045274,9/13/2013
422,Paolo,Borley,pborleybp@washington.edu,Male,230.92.80.41,6709255532954634,3/4/2017
423,Kendricks,Devany,kdevanybq@businesswire.com,Male,210.63.117.117,3546236684467884,2/8/2016
424,Darrelle,McGroarty,dmcgroartybr@skype.com,Female,209.3.179.9,3557135165089959,12/25/2015
425,Sharleen,Pirdy,spirdybs@state.gov,Female,105.39.144.116,3581373586190649,12/8/2014
426,Hyacinthie,O'Fallowne,hofallownebt@soundcloud.com,Female,89.45.206.185,4917732135748566,2/27/2014
427,Joyous,Lorant,jlorantbu@vkontakte.ru,Female,135.209.47.239,3584624165736690,1/30/2017
428,Leila,Cajkler,lcajklerbv@pbs.org,Female,180.57.171.142,5602253312604032,3/23/2015
429,Lowe,Slyford,lslyfordbw@prlog.org,Male,179.34.90.100,3561672198412869,10/12/2016
430,Bertine,Tabard,btabardbx@google.com,Female,95.217.101.163,6331106700215747461,5/9/2017
431,Cyndi,Stegel,cstegelby@wordpress.com,Female,152.123.85.174,5893433242399097,11/15/2014
432,Donielle,Cheshire,dcheshirebz@stanford.edu,Female,128.87.58.165,3581716544292743,10/17/2016
433,Winnie,Essame,wessamec0@myspace.com,Male,156.35.198.173,30291994819208,11/16/2013
434,Bernie,Sainsbury-Brown,bsainsburybrownc1@sun.com,Male,51.29.27.93,3562002692072945,3/30/2017
435,Jakob,Mowatt,jmowattc2@abc.net.au,Male,104.183.153.194,3574985052373638,1/31/2017
436,Hilary,Worgen,hworgenc3@sun.com,Female,225.127.105.207,5020888070000595424,1/3/2014
437,Traci,Jambrozek,tjambrozekc4@eventbrite.com,Female,70.164.198.77,3570248096149785,12/29/2014
438,Anstice,Goult,agoultc5@businessweek.com,Female,152.165.29.22,5002354416324950,3/18/2014
439,Raffaello,Shackleford,rshacklefordc6@house.gov,Male,84.73.224.48,5515280193492324,8/6/2017
440,Irena,Blincowe,iblincowec7@google.com.au,Female,5.123.219.142,3530682242057220,12/31/2013
441,Raynell,Beamand,rbeamandc8@tumblr.com,Female,15.183.236.60,5602236015595549181,7/5/2014
442,Derry,Magarrell,dmagarrellc9@webnode.com,Male,7.111.112.22,3548964818925844,11/9/2014
443,Adrianne,Pellett,apellettca@cafepress.com,Female,148.20.113.70,3560996868530275,8/14/2016
444,Tarrah,Dallemore,tdallemorecb@is.gd,Female,85.90.114.1,4911969732052663,6/23/2015
445,Graehme,Beverage,gbeveragecc@amazon.de,Male,121.189.234.154,3573348200078453,11/21/2016
446,Carter,Sailes,csailescd@addtoany.com,Male,217.118.47.42,3528499271273899,4/8/2016
447,Wendel,McCrossan,wmccrossance@booking.com,Male,219.23.164.227,5108754900038250,8/20/2014
448,Jackelyn,Delete,jdeletecf@admin.ch,Female,16.112.181.206,4917922696341923,6/12/2017
449,Klaus,MacComiskey,kmaccomiskeycg@yellowpages.com,Male,88.47.177.230,4917346445716005,2/6/2014
450,Bert,Lyddiard,blyddiardch@smh.com.au,Male,173.17.5.129,491110673038653764,6/28/2016
451,Mariya,Purkis,mpurkisci@who.int,Female,134.229.77.182,4041379484066,4/8/2017
452,Julie,Tuminelli,jtuminellicj@mysql.com,Male,15.59.161.111,6706916858003693,9/13/2013
453,Willa,Deveraux,wdeverauxck@dailymail.co.uk,Female,240.116.138.167,5002355676582302,12/4/2015
454,Lesley,O'Ferris,loferriscl@mac.com,Female,72.9.24.108,5138124713060467,12/4/2014
455,Marillin,Themann,mthemanncm@csmonitor.com,Female,254.42.104.207,3580606927489183,9/20/2016
456,Benjamin,Peche,bpechecn@salon.com,Male,213.169.45.178,3575459609395147,2/24/2017
457,Amalea,Garahan,agarahanco@telegraph.co.uk,Female,30.179.100.214,5215415542595442,8/5/2016
458,Abbi,Schorah,aschorahcp@accuweather.com,Female,81.180.213.172,5100145492472387,12/15/2016
459,Phil,Reuss,preusscq@cbc.ca,Female,201.122.111.161,5010126352221212,7/30/2014
460,Dasie,Sammonds,dsammondscr@loc.gov,Female,45.148.176.165,6334175181862979113,7/11/2015
461,Lida,Ebsworth,lebsworthcs@bravesites.com,Female,205.186.218.156,3530309795998390,9/7/2014
462,Beatrice,Saur,bsaurct@clickbank.net,Female,212.5.211.54,346128188815528,4/7/2015
463,Basilius,Matyushkin,bmatyushkincu@t-online.de,Male,110.103.118.197,36936754069840,11/23/2016
464,Justine,Ivushkin,jivushkincv@tamu.edu,Female,134.165.6.99,670953323755555995,3/1/2015
465,Andros,Dulake,adulakecw@paypal.com,Male,181.16.177.250,4017957655663726,2/18/2016
466,Ara,Neiland,aneilandcx@google.fr,Male,241.87.248.211,3558301658292893,9/17/2014
467,Elsy,Fraczkiewicz,efraczkiewiczcy@skyrock.com,Female,131.165.189.92,4959626777257,4/25/2017
468,Liz,Trevain,ltrevaincz@altervista.org,Female,6.157.212.190,5100177296560430,12/3/2016
469,Emilie,Sowerby,esowerbyd0@mayoclinic.com,Female,29.162.23.148,3552706553601129,6/27/2017
470,Maggie,Coates,mcoatesd1@umn.edu,Female,159.120.240.52,3532601951337514,5/13/2016
471,Abe,Chittim,achittimd2@nytimes.com,Male,103.53.28.177,3583662627041987,1/11/2017
472,Torin,Caudray,tcaudrayd3@marketwatch.com,Male,175.153.223.141,6372940146642230,9/6/2014
473,Aggi,Madner,amadnerd4@businessweek.com,Female,189.42.61.205,3533153170596222,12/2/2015
474,Bendix,Samwaye,bsamwayed5@archive.org,Male,182.32.252.181,4844099137904433,8/4/2016
475,Lezley,Blues,lbluesd6@cam.ac.uk,Male,4.118.185.170,63046137943666432,10/2/2014
476,Marris,Elman,melmand7@mtv.com,Female,43.21.19.118,201960437385620,11/5/2015
477,Malia,Annetts,mannettsd8@cbc.ca,Female,215.127.189.201,3556382812927923,4/5/2015
478,Beilul,Stainson,bstainsond9@fotki.com,Female,133.220.107.193,3531894965357013,5/26/2015
479,Shirleen,McCullum,smccullumda@amazon.co.jp,Female,213.170.238.155,3539741946134759,4/17/2015
480,Lauren,Dodsley,ldodsleydb@altervista.org,Female,148.11.233.133,3540203961738136,1/12/2014
481,Denyse,Officer,dofficerdc@feedburner.com,Female,158.199.120.122,3576159100863697,7/26/2015
482,Patrizius,Misson,pmissondd@prweb.com,Male,168.117.109.64,5150529919639653,7/13/2015
483,Dannie,Hawken,dhawkende@omniture.com,Male,198.68.181.133,3534472404333296,12/19/2014
484,Adan,Thurlbourne,athurlbournedf@amazon.co.uk,Male,163.206.137.249,3583451239531092,12/31/2016
485,Dorothy,Readwin,dreadwindg@ow.ly,Female,247.234.152.117,3538886706879217,5/24/2014
486,Vilma,Veal,vvealdh@redcross.org,Female,39.159.93.97,30291149769969,12/15/2013
487,Nell,Marshland,nmarshlanddi@mlb.com,Female,122.22.10.19,3565707247303325,6/6/2015
488,Iona,Gammie,igammiedj@merriam-webster.com,Female,248.252.39.77,3577780045209156,11/29/2014
489,Kerk,Coult,kcoultdk@mediafire.com,Male,108.64.173.84,3576940920184467,12/4/2015
490,Fayth,Bucher,fbucherdl@gizmodo.com,Female,107.61.82.99,374622301772512,5/2/2016
491,Janella,Rosenfelder,jrosenfelderdm@go.com,Female,195.168.136.128,374622036064714,6/21/2014
492,Jacenta,Gudgion,jgudgiondn@ox.ac.uk,Female,4.197.19.132,4405143369291688,7/10/2017
493,Caro,McAneny,cmcanenydo@fda.gov,Female,94.213.185.13,5038402406538184,1/22/2015
494,Bee,Duplan,bduplandp@foxnews.com,Female,172.248.48.107,3545338051546745,7/27/2014
495,Sal,Seedman,sseedmandq@typepad.com,Male,30.59.87.212,3570667664291028,10/19/2013
496,Christean,Drinkwater,cdrinkwaterdr@nature.com,Female,18.228.197.157,6759125617409847,3/9/2014
497,Chet,Thiese,cthieseds@wordpress.org,Male,173.215.247.106,3531956075549548,12/11/2015
498,Stafani,McLugish,smclugishdt@house.gov,Female,112.67.220.215,201544579272323,11/23/2013
499,Rodina,Ebdin,rebdindu@kickstarter.com,Female,130.7.127.8,30142961522202,3/3/2017
500,Bailie,Murphy,bmurphydv@illinois.edu,Male,174.226.46.166,4936649940419944066,8/21/2015
501,Jannel,Perigoe,jperigoedw@merriam-webster.com,Female,225.161.0.255,3552424418582191,7/25/2015
502,Nigel,Sink,nsinkdx@artisteer.com,Male,73.162.14.142,3558523443009577,4/25/2016
503,Eirena,Strooband,estroobanddy@globo.com,Female,14.122.185.83,374288570253202,8/3/2016
504,Daisi,Meaton,dmeatondz@quantcast.com,Female,9.169.39.0,3575535292612177,4/11/2016
505,Anderson,Gerholz,agerholze0@shinystat.com,Male,86.159.52.245,4026851745488443,8/5/2016
506,Walther,Simison,wsimisone1@google.ru,Male,206.159.80.89,3550138942014230,11/24/2013
507,Byram,Craw,bcrawe2@bravesites.com,Male,79.221.216.253,3533903681394107,5/3/2017
508,Merissa,Fockes,mfockese3@fastcompany.com,Female,209.252.14.235,4913146633501845,1/6/2017
509,Drucie,Whoolehan,dwhoolehane4@vistaprint.com,Female,62.17.76.168,6759608995901501280,3/9/2015
510,Carie,Phebey,cphebeye5@addtoany.com,Female,191.172.122.41,30299240990400,10/3/2013
511,Christye,Bredes,cbredese6@ft.com,Female,133.139.81.56,67068526928489329,8/28/2014
512,Malinda,McCrainor,mmccrainore7@wordpress.com,Female,220.52.18.140,5602258326803779764,2/23/2016
513,Benita,Sines,bsinese8@xinhuanet.com,Female,66.193.190.114,3563184698117194,12/9/2016
514,Averil,Calderon,acalderone9@mapy.cz,Male,110.133.61.165,374622657473111,7/2/2016
515,Cody,Maplestone,cmaplestoneea@hibu.com,Male,136.148.135.130,3539219005019104,11/24/2016
516,Judd,Bisgrove,jbisgroveeb@e-recht24.de,Male,241.10.241.186,56022577806659796,10/28/2015
517,Bethina,Piris,bpirisec@biblegateway.com,Female,241.90.51.64,4913417596077671,5/13/2017
518,Patience,Groombridge,pgroombridgeed@dyndns.org,Female,46.241.242.31,5468440893333494,3/2/2014
519,Edeline,Patise,epatiseee@usatoday.com,Female,60.215.71.230,6706838064077859,6/13/2017
520,Emiline,Willshere,ewillshereef@wikia.com,Female,29.183.173.66,5387314439003499,9/16/2014
521,Sawyere,Sparling,ssparlingeg@wisc.edu,Male,224.108.154.16,3548225093692446,4/17/2017
522,Nanete,Binstead,nbinsteadeh@wikimedia.org,Female,63.156.16.183,3543667380911093,11/7/2015
523,Dale,Baglin,dbaglinei@discuz.net,Male,14.55.180.125,3582971717711412,7/12/2016
524,Stormy,Nolte,snolteej@berkeley.edu,Female,82.84.182.248,3571003654636528,11/18/2013
525,Nealy,Isakovitch,nisakovitchek@dropbox.com,Male,63.164.15.197,30111835884296,6/23/2014
526,Jamal,Mattys,jmattysel@ibm.com,Male,45.59.248.53,3551068498805419,8/10/2016
527,Chic,Gateman,cgatemanem@oaic.gov.au,Male,149.199.239.39,3565410174997108,9/25/2016
528,Corby,Stowe,cstoween@goodreads.com,Male,160.148.88.41,3574432986804438,10/14/2015
529,Willis,McNamara,wmcnamaraeo@bloglovin.com,Male,230.95.70.113,5602220363793553417,10/28/2013
530,Jules,Tolussi,jtolussiep@cafepress.com,Male,203.170.133.29,4041596203087200,10/8/2015
531,Tani,MacGee,tmacgeeeq@cisco.com,Female,192.146.182.144,374017531083014,4/23/2014
532,Karlotte,Shasnan,kshasnaner@geocities.com,Female,87.17.7.145,3570216247971597,11/4/2013
533,Henrietta,Troctor,htroctores@skype.com,Female,244.174.159.224,3576996223532554,12/23/2014
534,Carrissa,Pettersen,cpettersenet@youtu.be,Female,22.5.169.33,63047210375453444,7/27/2017
535,Brittani,O'Kieran,bokieraneu@cyberchimps.com,Female,122.155.71.106,4913055838843722,2/6/2015
536,Berton,Poller,bpollerev@europa.eu,Male,71.143.71.109,5602225605618804,10/26/2013
537,Nannie,Grog,ngrogew@sina.com.cn,Female,163.126.15.210,3570629247001639,10/4/2016
538,Birk,Fullilove,bfulliloveex@businessweek.com,Male,8.57.36.216,4041373104854934,11/30/2016
539,Morgana,Hornung,mhornungey@umn.edu,Female,97.3.80.120,3563510025422560,3/26/2017
540,Helaine,Stemp,hstempez@archive.org,Female,189.190.180.100,630474598788583833,6/4/2014
541,Skippie,Adenet,sadenetf0@dailymail.co.uk,Male,45.10.31.187,3579339758546516,2/19/2014
542,Barnebas,Learmouth,blearmouthf1@indiatimes.com,Male,98.123.213.122,5100173937919549,2/24/2017
543,Mycah,Tackett,mtackettf2@umn.edu,Male,235.233.234.25,3555092070466032,10/24/2015
544,Salomo,Malthus,smalthusf3@360.cn,Male,138.224.81.123,3568761757570440,1/18/2015
545,Lauree,Freeborne,lfreebornef4@livejournal.com,Female,118.215.71.6,374622558989595,4/17/2015
546,Neilla,Dudmarsh,ndudmarshf5@fc2.com,Female,22.19.107.73,374288037545059,1/18/2017
547,Alano,Worswick,aworswickf6@foxnews.com,Male,130.93.163.235,56022104773131079,3/11/2017
548,Glyn,Wohlers,gwohlersf7@dion.ne.jp,Male,63.223.125.169,633472729721242650,4/2/2016
549,Jobi,Yakobowitz,jyakobowitzf8@bloglines.com,Female,171.239.52.1,3529488540503367,12/5/2015
550,Hubie,Vanner,hvannerf9@engadget.com,Male,35.251.76.175,6304310999409405,2/8/2014
551,Ree,Daubeny,rdaubenyfa@behance.net,Female,70.33.73.252,06044088608242194,12/5/2016
552,Oralla,Hardcastle,ohardcastlefb@mtv.com,Female,90.182.35.243,3553824113188773,12/26/2015
553,Benny,Piercey,bpierceyfc@usnews.com,Male,8.81.197.101,3545466315330315,8/22/2016
554,Gayleen,Penkethman,gpenkethmanfd@ning.com,Female,134.53.119.142,3551564325329607,9/23/2014
555,Ari,Gotthard.sf,agotthardsffe@infoseek.co.jp,Male,30.81.152.95,3571048752598443,12/24/2015
556,Sayre,Nolleau,snolleauff@spiegel.de,Female,8.31.237.112,5602224479443779,7/18/2014
557,Peri,Statton,pstattonfg@abc.net.au,Female,58.116.110.36,3588007838769130,2/23/2017
558,Nelie,Ridulfo,nridulfofh@hatena.ne.jp,Female,25.242.211.82,3575976376103867,6/16/2016
559,Fredric,Elecum,felecumfi@cdc.gov,Male,117.231.77.6,56022506308878430,4/20/2015
560,Giustino,Moverley,gmoverleyfj@amazon.com,Male,243.89.176.195,502066085591906273,6/25/2014
561,Camille,Warlton,cwarltonfk@ibm.com,Female,159.224.184.0,5100139119680894,12/6/2016
562,Viviyan,Scannell,vscannellfl@ox.ac.uk,Female,192.77.45.42,5478337826072124,5/9/2016
563,Augusto,Stoke,astokefm@cdc.gov,Male,209.101.134.127,5002358701257593,9/18/2016
564,Catarina,Boriston,cboristonfn@bandcamp.com,Female,32.19.137.233,6759616012888250798,11/2/2015
565,Seymour,Yeld,syeldfo@oracle.com,Male,93.103.12.77,3539231606325053,8/29/2014
566,Law,Varran,lvarranfp@ocn.ne.jp,Male,31.111.33.204,4844908275753131,3/30/2016
567,Myron,Rallings,mrallingsfq@cafepress.com,Male,13.51.225.199,3586639388094279,8/14/2016
568,Callida,Tonnesen,ctonnesenfr@xrea.com,Female,252.134.248.90,5449447420334949,11/28/2013
569,Jeremias,Goolding,jgooldingfs@vimeo.com,Male,90.10.186.17,4903118496553760711,2/15/2017
570,Dag,Crasswell,dcrasswellft@wp.com,Male,70.155.193.152,340291982500674,5/18/2014
571,Sharona,Hatton,shattonfu@goo.gl,Female,196.1.100.138,3529869894469067,5/16/2016
572,Jamima,Dorgon,jdorgonfv@desdev.cn,Female,164.154.114.94,676233621832649395,10/16/2016
573,Teddi,Element,telementfw@behance.net,Female,161.49.241.68,6385677027529996,11/30/2013
574,Raymund,Roizn,rroiznfx@addthis.com,Male,185.57.28.129,6398192583977873,1/13/2016
575,Ogdon,Kimblin,okimblinfy@fastcompany.com,Male,200.92.45.26,5002357195237400,2/19/2014
576,Ethan,Runham,erunhamfz@liveinternet.ru,Male,51.112.101.253,3536816483665085,11/24/2015
577,Burg,Allmond,ballmondg0@miitbeian.gov.cn,Male,199.214.188.245,5602254375116740,5/27/2014
578,Marylee,De Bell,mdebellg1@google.pl,Female,33.108.246.5,3528116380890658,4/4/2014
579,Tammara,Enterlein,tenterleing2@fda.gov,Female,150.38.219.245,3557487648019032,3/4/2016
580,Bruce,Moubray,bmoubrayg3@scribd.com,Male,88.196.1.12,3581079696714323,4/24/2014
581,Andris,Steptoe,asteptoeg4@digg.com,Male,224.44.10.13,633428977874287684,8/23/2015
582,Ivan,McRorie,imcrorieg5@wiley.com,Male,73.6.11.247,6394367017881651,4/9/2014
583,Eba,Basketfield,ebasketfieldg6@rakuten.co.jp,Female,134.226.70.30,6759620634436873104,9/30/2015
584,Torry,Crecy,tcrecyg7@blinklist.com,Male,62.168.247.210,3553278455136397,3/12/2015
585,Karmen,Trevna,ktrevnag8@wikia.com,Female,133.216.81.239,5018730693129752,10/17/2013
586,Wilhelmina,Grosier,wgrosierg9@google.cn,Female,209.154.146.106,5100133612729142,7/2/2016
587,Arni,Raraty,araratyga@alibaba.com,Male,190.69.107.227,337941339948902,6/12/2014
588,Robinette,Dunn,rdunngb@npr.org,Female,229.103.137.143,5108757013757534,6/22/2014
589,Constancia,Treece,ctreecegc@histats.com,Female,85.103.179.65,5602245152629178,1/8/2016
590,Melba,Jilliss,mjillissgd@histats.com,Female,61.28.47.43,3560603999909580,5/31/2017
591,Gustav,Pevsner,gpevsnerge@foxnews.com,Male,50.167.185.50,4026377607884602,6/27/2015
592,Dru,MacCombe,dmaccombegf@mayoclinic.com,Male,86.86.80.37,5479727194647946,9/21/2014
593,Ania,Strudwick,astrudwickgg@spotify.com,Female,129.181.100.41,6379158916507839,12/19/2013
594,Renato,Doy,rdoygh@abc.net.au,Male,171.73.133.158,6331104429577633141,12/14/2013
595,Merwyn,Perfili,mperfiligi@comsenz.com,Male,121.0.59.211,3543976585652729,8/10/2016
596,Will,Aksell,waksellgj@bing.com,Male,198.210.157.144,3566266791871046,1/30/2014
597,Sari,Forbes,sforbesgk@gizmodo.com,Female,241.238.115.164,5610261039203160,11/11/2015
598,Christabel,Rossander,crossandergl@homestead.com,Female,12.89.116.68,6334217467491564396,6/3/2015
599,Marris,Leyborne,mleybornegm@over-blog.com,Female,248.77.208.209,3568711843370800,1/22/2017
600,Gennifer,Gouldthorp,ggouldthorpgn@sakura.ne.jp,Female,113.248.112.174,3584382895964203,11/8/2013
601,Fairfax,McPhillips,fmcphillipsgo@booking.com,Male,218.5.165.28,3540749456781155,7/20/2015
602,Katie,Luety,kluetygp@telegraph.co.uk,Female,8.80.177.230,4844775055598741,3/22/2017
603,Anett,Smalls,asmallsgq@cornell.edu,Female,204.23.191.53,5007664664501546,12/21/2014
604,Marieann,Westoff,mwestoffgr@virginia.edu,Female,192.132.66.25,201488001962160,6/27/2017
605,Emmery,Penhaligon,epenhaligongs@mashable.com,Male,19.254.3.121,4175002076240354,11/8/2016
606,Erik,Gathwaite,egathwaitegt@vinaora.com,Male,116.181.117.208,3571263246164922,5/14/2017
607,Olivette,Sitlington,ositlingtongu@amazonaws.com,Female,88.27.75.73,4026317531059145,6/5/2017
608,Leisha,Scurman,lscurmangv@ycombinator.com,Female,158.16.6.210,3538449261047116,9/29/2015
609,Nilson,Nightingale,nnightingalegw@friendfeed.com,Male,179.141.11.234,50202217060975845,1/20/2014
610,Melloney,Copperwaite,mcopperwaitegx@cnbc.com,Female,82.88.79.59,3559621232957276,7/6/2014
611,Ganny,Gundry,ggundrygy@cargocollective.com,Male,152.201.6.229,3533653277320764,9/4/2014
612,Hersch,Lent,hlentgz@squidoo.com,Male,94.168.32.45,3576945078939380,8/15/2016
613,Lebbie,Rumgay,lrumgayh0@flavors.me,Female,53.84.16.49,3538860038485324,2/6/2016
614,Karoly,Craster,kcrasterh1@t-online.de,Male,65.81.216.80,3536961818395956,5/15/2015
615,Adrea,Dodell,adodellh2@xrea.com,Female,50.2.205.37,3585161646620929,3/17/2014
616,Arron,Ebbutt,aebbutth3@mail.ru,Male,34.104.167.81,4041375684164477,6/21/2015
617,Stirling,Brea,sbreah4@wp.com,Male,137.50.74.252,5007668829261763,10/28/2015
618,Nicky,Cleynman,ncleynmanh5@edublogs.org,Female,102.119.179.7,56022205346739478,7/9/2016
619,Townsend,Wince,twinceh6@trellian.com,Male,127.127.169.203,4017954877288,1/16/2015
620,Aurelie,Hammant,ahammanth7@bbb.org,Female,8.179.208.38,201822684814027,1/8/2016
621,Pearline,Cleaton,pcleatonh8@furl.net,Female,183.60.92.250,5100135971389962,11/4/2015
622,Suzanne,Giraudot,sgiraudoth9@deviantart.com,Female,112.177.234.14,4017954522119719,3/25/2017
623,Lowe,Broomhall,lbroomhallha@usatoday.com,Male,93.185.74.211,6391933224976395,5/4/2016
624,Jaye,Mapholm,jmapholmhb@gmpg.org,Male,191.103.39.143,3535945305826863,10/11/2015
625,Gilbertine,Rivilis,grivilishc@trellian.com,Female,227.66.171.68,3565792952117763,1/14/2017
626,Hunter,Northidge,hnorthidgehd@usa.gov,Male,173.122.123.13,3565374884105495,9/30/2015
627,Barbara,Cuttin,bcuttinhe@senate.gov,Female,3.64.184.170,3583983604611869,2/12/2017
628,Federico,Minocchi,fminocchihf@amazon.co.uk,Male,57.82.177.252,3570499429553033,5/13/2016
629,Tripp,Litherborough,tlitherboroughhg@taobao.com,Male,46.162.37.202,4911859255072102169,8/19/2016
630,Vittorio,Klausen,vklausenhh@reverbnation.com,Male,87.110.140.14,3545698691096603,5/2/2017
631,Frasier,Mulliner,fmullinerhi@deliciousdays.com,Male,49.241.161.60,3546425246684876,2/15/2017
632,Selina,Marke,smarkehj@statcounter.com,Female,235.148.169.179,4917620517540786,7/17/2017
633,Dare,Docherty,ddochertyhk@dagondesign.com,Male,33.73.154.198,3582470497671482,6/12/2014
634,Portie,Zamora,pzamorahl@blogtalkradio.com,Male,93.51.166.168,3530908070519001,9/10/2016
635,Maddalena,Michel,mmichelhm@webs.com,Female,15.211.51.213,3558070567931467,5/30/2017
636,Babette,Coverdale,bcoverdalehn@baidu.com,Female,48.221.35.180,376355150517625,10/16/2016
637,Nert,Crasswell,ncrasswellho@wp.com,Female,220.46.46.38,30298277179325,10/12/2014
638,Rafi,Decort,rdecorthp@ucla.edu,Male,211.237.252.227,3566799348716983,5/7/2015
639,Abramo,Hebborne,ahebbornehq@cnbc.com,Male,213.137.203.95,4911054447702682826,9/28/2016
640,Quintina,Galbreath,qgalbreathhr@latimes.com,Female,136.186.167.217,5100178132782188,9/11/2016
641,Pascal,Pollitt,ppollitths@google.com.hk,Male,203.115.215.227,3588930836265993,1/13/2014
642,Linnell,Hallums,lhallumsht@independent.co.uk,Female,23.48.99.246,30448401850297,11/28/2015
643,Kendricks,Chant,kchanthu@moonfruit.com,Male,195.170.111.165,0604855042850575,8/25/2017
644,Janeen,Shooter,jshooterhv@blogtalkradio.com,Female,11.245.59.75,30238747588556,8/11/2017
645,Sol,Pace,spacehw@wired.com,Male,162.122.239.209,3550570208805432,10/9/2016
646,Uta,Delve,udelvehx@de.vu,Female,5.14.218.75,4041591141833,6/28/2017
647,Emmye,Scarasbrick,escarasbrickhy@wordpress.org,Female,6.83.50.179,4917093024541749,7/3/2015
648,Vivyan,Inchan,vinchanhz@businessinsider.com,Female,40.114.139.104,3568714808287522,5/7/2014
649,Tersina,Dybbe,tdybbei0@theatlantic.com,Female,227.151.91.161,5602253692792324,9/25/2014
650,Belinda,Rottgers,brottgersi1@marketwatch.com,Female,122.254.38.163,30479255993941,7/3/2014
651,Hewie,Deary,hdearyi2@vistaprint.com,Male,105.228.34.179,30576736149553,12/19/2015
652,Ermengarde,Knowlson,eknowlsoni3@clickbank.net,Female,88.83.143.1,3541678358165911,12/12/2016
653,Nettle,Gowing,ngowingi4@eventbrite.com,Female,126.191.42.177,5048370074563776,2/5/2015
654,Neila,Danilevich,ndanilevichi5@webnode.com,Female,91.84.32.118,3551165827169390,11/24/2015
655,Star,Puckrin,spuckrini6@omniture.com,Female,188.8.80.19,3581330323141160,7/16/2014
656,Donny,Wrightim,dwrightimi7@mit.edu,Female,17.213.190.79,6767854618886774,2/4/2014
657,Bibbie,Message,bmessagei8@discovery.com,Female,57.20.219.88,3560433367022638,9/2/2015
658,Elladine,Whellans,ewhellansi9@ox.ac.uk,Female,233.218.108.217,560223934484769777,12/1/2013
659,Asia,Attiwill,aattiwillia@mayoclinic.com,Female,169.158.51.99,4905405302231989,5/28/2017
660,Godfrey,Makinson,gmakinsonib@si.edu,Male,245.26.175.39,201451365484742,6/18/2016
661,Lamont,Obbard,lobbardic@kickstarter.com,Male,165.30.158.6,3565217152133899,11/19/2013
662,Dulcea,Circuitt,dcircuittid@php.net,Female,177.48.151.237,4911830697564722,3/3/2016
663,Lane,Bertome,lbertomeie@ycombinator.com,Female,48.249.136.137,67628571095640331,3/17/2016
664,Brewer,Endrighi,bendrighiif@boston.com,Male,52.34.87.147,201877418130504,7/7/2015
665,Micheil,Cayford,mcayfordig@reuters.com,Male,122.254.142.160,3542244332914426,12/7/2014
666,Mimi,Loseby,mlosebyih@wordpress.org,Female,126.57.183.37,50201266404526047,5/27/2016
667,Rodrigo,Rein,rreinii@amazon.co.jp,Male,217.76.3.101,3545041324308113,4/14/2017
668,Banky,Wyborn,bwybornij@quantcast.com,Male,22.178.148.208,3559685090730109,9/4/2017
669,Ellswerth,Dany,edanyik@jigsy.com,Male,107.49.124.199,3535155548095827,6/29/2014
670,Teodorico,Thurstan,tthurstanil@imgur.com,Male,222.184.63.154,376748337297220,7/8/2017
671,Wait,Ygo,wygoim@histats.com,Male,133.18.97.140,3574460143908990,9/12/2015
672,Guilbert,Snell,gsnellin@china.com.cn,Male,215.253.238.86,3542529637456689,6/16/2014
673,Alidia,Griss,agrissio@youku.com,Female,241.15.155.123,3564761930027817,11/24/2015
674,Linette,Mufford,lmuffordip@hp.com,Female,191.247.50.172,3567629470486536,11/17/2014
675,Elmer,Thyer,ethyeriq@sciencedirect.com,Male,49.253.202.122,3537978710718860,12/14/2013
676,Janine,Frayne,jfrayneir@bandcamp.com,Female,172.210.44.158,5602245277163616,3/1/2016
677,Will,Middiff,wmiddiffis@smh.com.au,Male,204.30.82.243,5602236281560293,5/17/2017
678,Philippine,Christene,pchristeneit@kickstarter.com,Female,145.90.213.183,56022157249554779,1/15/2015
679,Clarisse,Wenden,cwendeniu@go.com,Female,151.54.196.208,30178672586193,1/13/2016
680,Justin,Rides,jridesiv@goo.gl,Male,0.151.170.4,6763590734352028,11/28/2013
681,Judon,Hammett,jhammettiw@amazonaws.com,Male,73.19.247.19,3528088346290101,1/29/2017
682,Allis,M'Chirrie,amchirrieix@mail.ru,Female,116.3.242.11,50389832803940206,9/13/2015
683,Hubey,Bubbings,hbubbingsiy@gizmodo.com,Male,228.240.96.227,3584893047964453,1/8/2017
684,Florida,Bownas,fbownasiz@homestead.com,Female,138.245.243.175,4508746828741923,11/8/2013
685,Abbi,Macewan,amacewanj0@independent.co.uk,Female,154.203.216.58,4913545220130852,7/8/2014
686,Kai,Marcum,kmarcumj1@feedburner.com,Female,255.228.114.154,3547478002887414,8/19/2016
687,Genovera,Edgeon,gedgeonj2@google.it,Female,179.237.66.183,5521273377466950,9/19/2013
688,Willa,Yesson,wyessonj3@sfgate.com,Female,159.167.180.114,4936745622390723,8/8/2016
689,Alyss,Hucknall,ahucknallj4@nyu.edu,Female,37.217.20.151,5007665375064443,9/25/2016
690,Hildegarde,Linay,hlinayj5@blogtalkradio.com,Female,160.106.99.69,491153744074027342,10/24/2016
691,Glen,Thome,gthomej6@histats.com,Female,36.166.39.13,58936842217979287,5/14/2015
692,Alan,Kegan,akeganj7@goodreads.com,Male,160.232.96.41,5602258005973062611,10/16/2013
693,Ashlee,Sallows,asallowsj8@rakuten.co.jp,Female,61.116.213.81,201779002684526,12/22/2015
694,Natalina,Gillbee,ngillbeej9@vimeo.com,Female,37.21.167.167,5010127165020494,5/15/2015
695,Cosimo,Fobidge,cfobidgeja@unicef.org,Male,21.198.28.47,6304260902824580,10/5/2013
696,Esmeralda,Rudge,erudgejb@prweb.com,Female,3.70.190.120,5595204630301263,3/15/2014
697,Gay,Nevet,gnevetjc@spiegel.de,Female,26.137.42.135,3528263975841413,10/20/2015
698,Jeane,MacLaig,jmaclaigjd@is.gd,Female,1.11.167.204,6334168134698891753,6/21/2015
699,Graham,Enns,gennsje@multiply.com,Male,200.72.206.218,3574038464748227,11/3/2014
700,Darlleen,Klus,dklusjf@walmart.com,Female,206.143.120.122,4041379937534353,3/14/2014
701,Marvin,Keynes,mkeynesjg@constantcontact.com,Male,114.112.198.59,490574232029183157,8/9/2017
702,Malissia,Pires,mpiresjh@mail.ru,Female,36.51.205.82,3572809431129267,12/15/2015
703,Jeanelle,Mannock,jmannockji@gmpg.org,Female,227.161.219.200,374283388490328,9/11/2014
704,Grayce,Sarvar,gsarvarjj@dmoz.org,Female,62.212.35.63,3542663809987609,1/14/2016
705,Cordy,Digman,cdigmanjk@house.gov,Male,172.223.104.223,5530702769062075,6/16/2016
706,Erin,Dow,edowjl@uol.com.br,Male,218.124.110.147,3528072039464637,9/27/2015
707,Cindra,Fylan,cfylanjm@google.com.hk,Female,112.136.70.184,67098194904231787,8/26/2014
708,Gunner,Astles,gastlesjn@wix.com,Male,77.43.127.44,30489726499550,2/27/2015
709,Pattin,Normanville,pnormanvillejo@nydailynews.com,Male,27.61.149.10,3551493175387590,10/25/2014
710,Laurie,Viles,lvilesjp@trellian.com,Male,38.68.82.166,6763461879149252666,12/9/2014
711,Fanchette,MacCostye,fmaccostyejq@jugem.jp,Female,115.0.210.71,5435542606264195,2/27/2017
712,Gelya,Crittal,gcrittaljr@ehow.com,Female,197.190.56.100,3567272767198363,4/2/2017
713,Justine,Kollach,jkollachjs@purevolume.com,Female,174.125.186.127,3582432832799030,11/18/2016
714,Lucienne,Whatsize,lwhatsizejt@ehow.com,Female,194.8.129.143,4905927433379360455,11/7/2015
715,Cherey,Summerson,csummersonju@geocities.jp,Female,0.135.65.176,201538494532373,4/10/2014
716,Bradly,Pavy,bpavyjv@lulu.com,Male,16.134.253.107,201690198921319,12/11/2015
717,Bastian,Edgeley,bedgeleyjw@google.co.jp,Male,158.188.188.160,630457977979342004,11/11/2013
718,Lotte,Angeli,langelijx@g.co,Female,135.136.219.121,201436181637870,5/29/2014
719,Felipe,Dosdill,fdosdilljy@slashdot.org,Male,131.150.60.148,3539971730334303,2/12/2015
720,Brose,Robbert,brobbertjz@t-online.de,Male,24.206.0.154,6331103667642024629,7/18/2015
721,Leonhard,Storkes,lstorkesk0@networkadvertising.org,Male,239.15.220.198,67618162047988556,9/1/2017
722,Corilla,Riding,cridingk1@adobe.com,Female,202.195.169.195,3556813647813524,5/15/2016
723,Maxie,Matusov,mmatusovk2@creativecommons.org,Male,227.87.100.133,3577362968964107,3/3/2016
724,Kristos,Benediktsson,kbenediktssonk3@quantcast.com,Male,210.144.119.146,201573435823755,8/20/2015
725,Honor,Bartomeu,hbartomeuk4@nifty.com,Female,254.205.242.55,3536931756199850,5/18/2015
726,Arlette,Aucourte,aaucourtek5@nature.com,Female,47.189.166.222,3550257493119410,11/15/2015
727,Christiana,Roughan,croughank6@usgs.gov,Female,159.101.139.239,5893365281898003,7/13/2017
728,Zed,Walkden,zwalkdenk7@deviantart.com,Male,112.205.12.122,5602223890458416,5/25/2015
729,Carlyle,Jakes,cjakesk8@springer.com,Male,39.199.6.126,3543626018871129,6/22/2015
730,Katy,Trayton,ktraytonk9@discuz.net,Female,134.109.47.233,6373480436669832,5/30/2014
731,Wilbur,Lead,wleadka@freewebs.com,Male,218.254.131.195,4041595652785,7/24/2017
732,Jocko,Lewsey,jlewseykb@wisc.edu,Male,35.73.122.142,3533407998890039,11/15/2013
733,Conan,Richmond,crichmondkc@apple.com,Male,193.253.229.179,560222871792269184,9/7/2014
734,Gabriel,Pargeter,gpargeterkd@t-online.de,Male,121.109.206.49,5602225222460630,5/29/2017
735,Lilas,Normington,lnormingtonke@japanpost.jp,Female,68.122.219.254,30322118535915,8/21/2014
736,Kata,Bachman,kbachmankf@nsw.gov.au,Female,234.255.74.21,374288342742045,7/22/2014
737,Judah,Prosch,jproschkg@va.gov,Male,103.27.251.118,3533871339891909,2/23/2014
738,Faith,Izakson,fizaksonkh@nhs.uk,Female,57.203.165.46,3533037841235619,2/10/2017
739,Phip,Grigoletti,pgrigolettiki@shareasale.com,Male,117.54.128.60,3564579673149238,3/30/2014
740,Judon,Cubbit,jcubbitkj@imdb.com,Male,220.19.103.246,3571266346710148,4/17/2015
741,Lynnet,Kloisner,lkloisnerkk@yahoo.com,Female,55.220.148.143,6333291721985885,3/20/2015
742,Lemuel,Emma,lemmakl@woothemes.com,Male,59.169.182.83,5002356044792862,11/30/2016
743,Boothe,Urridge,burridgekm@tinyurl.com,Male,147.52.78.204,633110352768542375,8/7/2015
744,Devy,Garrattley,dgarrattleykn@trellian.com,Male,197.114.19.183,3550093176006941,7/7/2015
745,Jerrilyn,Gierok,jgierokko@diigo.com,Female,90.175.11.160,3562918787709721,1/10/2016
746,Gray,Yakob,gyakobkp@seesaa.net,Male,102.220.192.46,3570971171566058,9/29/2015
747,Eimile,Giacoppo,egiacoppokq@ihg.com,Female,48.96.105.71,5423780829074199,8/22/2014
748,Jocelyne,Gapper,jgapperkr@nyu.edu,Female,224.124.60.107,5602251188375992,1/29/2017
749,Sutherlan,Floweth,sflowethks@imdb.com,Male,21.233.166.29,5437392025940449,3/3/2015
750,Seymour,Siberry,ssiberrykt@last.fm,Male,93.205.81.161,201698168328894,12/3/2015
751,Allina,Brimilcome,abrimilcomeku@ovh.net,Female,139.48.97.107,3535841555358352,6/24/2014
752,Portia,Cossans,pcossanskv@freewebs.com,Female,66.105.223.129,30536789167712,9/18/2016
753,Dominique,Laroux,dlarouxkw@craigslist.org,Male,222.95.134.94,676155091528621922,1/7/2016
754,Ancell,Damerell,adamerellkx@wikimedia.org,Male,61.58.135.121,630439471920123104,2/13/2015
755,Sean,Fantin,sfantinky@yahoo.co.jp,Male,227.221.113.164,201637828678744,3/27/2017
756,Beauregard,Camelli,bcamellikz@nsw.gov.au,Male,63.38.150.14,3529525215218100,5/15/2015
757,Deena,Pickerell,dpickerelll0@time.com,Female,65.187.146.243,3545746981607611,6/24/2014
758,Vince,Salzberg,vsalzbergl1@com.com,Male,238.188.150.231,56022548162598241,2/21/2015
759,Francyne,Pomphrey,fpomphreyl2@odnoklassniki.ru,Female,3.157.229.141,5610059453506062,10/11/2014
760,Dyanne,Harfleet,dharfleetl3@privacy.gov.au,Female,41.8.144.197,3555449774294328,1/15/2015
761,Michel,Sissel,msissell4@hexun.com,Male,146.34.73.112,3582792599035955,5/6/2015
762,Ricky,Feldmus,rfeldmusl5@bloomberg.com,Female,106.194.236.99,5602212178280792892,2/9/2017
763,Gabe,Bragg,gbraggl6@ed.gov,Male,77.85.53.167,6709571960387786464,5/21/2014
764,Ina,Mott,imottl7@instagram.com,Female,176.229.4.19,5602251405680661,3/1/2016
765,Hashim,Gutman,hgutmanl8@go.com,Male,220.164.246.249,3576270263308485,9/2/2016
766,Noella,Carder,ncarderl9@fema.gov,Female,67.237.208.184,490351972381514825,12/26/2015
767,Orrin,Scimoni,oscimonila@sogou.com,Male,169.0.103.70,3535848116805441,3/18/2016
768,Hollis,Blondin,hblondinlb@washington.edu,Male,58.101.64.214,5893797456007137,1/26/2015
769,Hanny,Drinkall,hdrinkalllc@moonfruit.com,Female,121.205.56.131,5007662054741169,12/11/2015
770,Saw,Barhem,sbarhemld@reddit.com,Male,244.163.225.224,3534559776481461,8/2/2016
771,Ethel,Smewing,esmewingle@time.com,Female,33.123.39.245,060476693739280122,12/21/2015
772,Wolfy,Newell,wnewelllf@sun.com,Male,196.27.89.235,5002350214598233,8/20/2016
773,Claiborne,Davenport,cdavenportlg@sciencedaily.com,Male,171.51.175.34,6706596250747152,10/6/2016
774,Web,Mc Kellen,wmckellenlh@flavors.me,Male,27.243.119.86,5545954249737874,3/25/2016
775,Sid,Menaul,smenaulli@hc360.com,Male,239.255.136.250,3585054017960885,4/15/2015
776,Samuel,Dobble,sdobblelj@economist.com,Male,83.0.123.8,3559225248104566,8/1/2017
777,Codie,Cooch,ccoochlk@thetimes.co.uk,Male,29.158.234.127,3566320183023797,10/31/2015
778,Denise,Lehrahan,dlehrahanll@meetup.com,Female,37.154.169.254,3543564357402034,12/4/2014
779,Conroy,Ende,cendelm@tripod.com,Male,126.46.196.149,3572187746773800,3/31/2016
780,Pieter,Philimore,pphilimoreln@whitehouse.gov,Male,100.157.5.43,5010122070304638,8/20/2014
781,Thaddeus,Lepper,tlepperlo@nsw.gov.au,Male,14.55.90.181,3585568434828268,12/30/2015
782,Allianora,Barsham,abarshamlp@scientificamerican.com,Female,107.14.115.202,3563474468892187,12/16/2015
783,Lorrie,Longthorn,llongthornlq@liveinternet.ru,Female,168.103.71.213,630423837198711259,3/8/2014
784,Fletch,Beden,fbedenlr@bloglovin.com,Male,52.74.88.113,3549568233009966,5/27/2017
785,Rurik,Tod,rtodls@time.com,Male,149.238.116.137,374283345408272,1/2/2015
786,Carley,Sjollema,csjollemalt@list-manage.com,Female,92.255.183.192,564182609678174965,3/12/2015
787,Kyla,Buckhurst,kbuckhurstlu@google.ca,Female,193.159.14.182,3541085783064794,3/6/2015
788,Stormy,Nevison,snevisonlv@diigo.com,Female,133.230.170.19,3577055234728054,3/25/2017
789,Natal,Weben,nwebenlw@sphinn.com,Male,118.58.218.88,30100584682258,1/6/2014
790,Ellswerth,Trethowan,etrethowanlx@globo.com,Male,20.221.29.225,3589826478493407,2/6/2015
791,Chiquia,Marthen,cmarthenly@techcrunch.com,Female,8.177.124.4,3578980018587732,4/12/2017
792,Helenka,Dashkov,hdashkovlz@theglobeandmail.com,Female,123.200.210.225,5610037977191462,7/8/2014
793,Mela,Verbeke,mverbekem0@webs.com,Female,105.131.215.179,560224674833249035,11/3/2016
794,Tildi,Nollet,tnolletm1@cam.ac.uk,Female,156.1.106.224,4911929832578520,1/24/2017
795,Don,D'Orsay,ddorsaym2@shop-pro.jp,Male,177.157.93.55,4917888967768781,7/2/2017
796,Annabella,Drillingcourt,adrillingcourtm3@thetimes.co.uk,Female,71.61.120.161,3574850246206328,2/6/2015
797,Kaylil,Domerque,kdomerquem4@hostgator.com,Female,242.142.88.92,372947607981992,7/14/2014
798,Donn,Knewstubb,dknewstubbm5@addtoany.com,Male,75.169.208.189,3546039017261994,9/22/2016
799,Marybeth,Howel,mhowelm6@xinhuanet.com,Female,95.38.211.64,493672307391028076,2/8/2015
800,Millisent,Swinburne,mswinburnem7@toplist.cz,Female,246.13.237.38,5018638386994848,12/27/2016
801,Corene,Doucette,cdoucettem8@godaddy.com,Female,157.209.175.15,5100177693775193,11/22/2015
802,Hamlen,Brearley,hbrearleym9@nbcnews.com,Male,212.198.249.186,3557599236393452,6/18/2016
803,Briggs,Tofanini,btofaninima@usnews.com,Male,172.165.196.214,3576014827186767,5/21/2015
804,Pearla,Reast,preastmb@skyrock.com,Female,136.173.82.69,3555325515750119,10/15/2013
805,Adi,Grady,agradymc@sun.com,Female,44.115.128.17,3573320613898355,12/21/2013
806,Dee dee,Blondelle,dblondellemd@acquirethisname.com,Female,232.61.249.111,3539921117042920,10/18/2016
807,Toiboid,Bockmann,tbockmannme@example.com,Male,146.112.20.225,3562748048340705,11/20/2013
808,Laird,Zorzetti,lzorzettimf@xinhuanet.com,Male,10.110.155.66,3540252008472019,5/2/2015
809,Hamnet,Vedenyapin,hvedenyapinmg@tripod.com,Male,62.36.243.157,3562955484529374,2/19/2015
810,Constantine,O'Neill,coneillmh@springer.com,Female,127.152.12.42,3587408256015801,4/6/2017
811,Bryn,Obert,bobertmi@meetup.com,Male,71.53.134.181,6333867545728922,3/3/2016
812,Nestor,Villaret,nvillaretmj@ifeng.com,Male,106.184.255.166,3553168015738768,3/6/2015
813,Tiff,McGurk,tmcgurkmk@slideshare.net,Female,18.221.61.93,3539905658631563,3/3/2014
814,Randa,Flather,rflatherml@mashable.com,Female,157.106.111.5,5100142154960841,1/6/2017
815,Dario,Skacel,dskacelmm@ameblo.jp,Male,204.119.43.220,3544261737748546,8/1/2017
816,Care,Barrett,cbarrettmn@nasa.gov,Male,240.38.236.17,3583018690797619,7/29/2016
817,Charlton,Gallaher,cgallahermo@newsvine.com,Male,237.152.75.178,3531345132469769,12/23/2015
818,Janine,Stebbings,jstebbingsmp@bloglovin.com,Female,248.122.245.210,374622573860938,2/22/2015
819,Wenda,Oguz,woguzmq@army.mil,Female,119.217.102.75,201760100180831,3/26/2016
820,Melina,Scotchmer,mscotchmermr@cornell.edu,Female,20.230.190.131,3585226283078788,3/12/2015
821,Armando,Eicheler,aeichelerms@mapquest.com,Male,206.43.63.164,560221095170136523,8/20/2016
822,Ertha,Petroulis,epetroulismt@bandcamp.com,Female,222.88.40.139,5602210625883323,8/30/2016
823,Orelie,Whate,owhatemu@shinystat.com,Female,4.64.201.85,5153588167833639,5/15/2017
824,Jean,Hendriksen,jhendriksenmv@liveinternet.ru,Male,14.146.246.88,5602249538158993,2/6/2015
825,Broderic,Phayre,bphayremw@addthis.com,Male,214.185.240.183,374622976794189,10/28/2015
826,Benny,Grabert,bgrabertmx@japanpost.jp,Male,152.23.247.101,3552061071091159,6/13/2014
827,Fawn,Barthelet,fbartheletmy@hao123.com,Female,22.193.75.202,201754595503169,2/28/2015
828,Lombard,Godball,lgodballmz@cmu.edu,Male,1.97.168.105,5602239421269916,5/4/2016
829,Imojean,Shurmer,ishurmern0@dot.gov,Female,182.127.227.52,633421746260594236,3/7/2017
830,Cari,Chataignier,cchataigniern1@usnews.com,Female,165.243.236.104,30125894255073,10/15/2015
831,Ermina,Toomer,etoomern2@google.fr,Female,224.123.138.147,5216627708260673,12/19/2014
832,Dahlia,Wormald,dwormaldn3@rediff.com,Female,96.246.80.108,3586175745339784,8/31/2015
833,Selia,Biddleston,sbiddlestonn4@blinklist.com,Female,94.45.106.142,3584071904224630,3/14/2014
834,Lothario,Courtese,lcourtesen5@studiopress.com,Male,133.203.175.128,3554454191957573,5/20/2014
835,Prentice,Defew,pdefewn6@hexun.com,Male,74.94.128.121,5038331385889053963,10/11/2013
836,Annette,Spellar,aspellarn7@domainmarket.com,Female,122.124.205.107,201594998182272,10/19/2016
837,Bobbette,Vanini,bvaninin8@cafepress.com,Female,54.119.16.120,3528212044975363,12/8/2014
838,Tory,Dufore,tduforen9@alibaba.com,Female,16.11.45.85,5602246822970141,9/30/2013
839,Rea,Gaymar,rgaymarna@skyrock.com,Female,227.18.101.77,4292191881403428,10/5/2016
840,Pablo,Mould,pmouldnb@mapy.cz,Male,167.51.214.124,3589685217227090,5/31/2017
841,Derk,Bussel,dbusselnc@blogger.com,Male,211.238.16.25,3539574105174708,7/2/2014
842,Keith,Nussen,knussennd@census.gov,Male,225.229.151.146,3565298463843400,4/20/2015
843,Celestyn,Darracott,cdarracottne@hao123.com,Female,208.9.78.128,3553573573781953,12/17/2013
844,Chadd,Oliphant,coliphantnf@ask.com,Male,42.105.72.77,6334766788977106,2/1/2017
845,Coriss,Ballendine,cballendineng@nymag.com,Female,40.147.114.133,3579706456398582,1/31/2017
846,Bay,Patterfield,bpatterfieldnh@list-manage.com,Male,141.150.170.100,630448945387399041,5/19/2014
847,Lissa,Terrazzo,lterrazzoni@narod.ru,Female,127.135.207.163,3588802653604945,8/10/2014
848,Kellyann,Jeaffreson,kjeaffresonnj@businesswire.com,Female,139.52.40.247,6763285162652987,12/19/2016
849,Lionel,Crickmer,lcrickmernk@tamu.edu,Male,228.84.79.14,30093365445211,7/26/2015
850,Hailey,Hirsthouse,hhirsthousenl@soundcloud.com,Male,104.211.25.62,30148683874912,8/8/2016
851,Derron,Spur,dspurnm@yale.edu,Male,68.117.129.36,3532526027514525,11/7/2013
852,Dalton,Moncreiffe,dmoncreiffenn@baidu.com,Male,253.178.5.213,5002352553168271,5/13/2014
853,Marianne,Millington,mmillingtonno@drupal.org,Female,159.196.217.32,4844166960532977,8/17/2016
854,Valera,Carlos,vcarlosnp@dell.com,Female,209.88.48.68,4405936435988637,8/11/2017
855,Nady,Cream,ncreamnq@google.es,Female,110.30.124.101,3567941200818486,6/9/2014
856,Bobbee,Powe,bpowenr@de.vu,Female,21.200.93.103,3554252801824971,2/8/2016
857,Bidget,Barajaz,bbarajazns@dedecms.com,Female,98.19.1.100,5641823977017063074,10/22/2016
858,Sashenka,Carlile,scarlilent@live.com,Female,167.144.168.163,4903918068518342,4/2/2015
859,Graig,Cornes,gcornesnu@china.com.cn,Male,2.193.171.23,3569165548401130,10/14/2015
860,Isabelle,Hartill,ihartillnv@discovery.com,Female,10.94.85.222,6333692980545148,3/4/2016
861,Cymbre,Pepineaux,cpepineauxnw@ezinearticles.com,Female,238.34.123.251,6304519426895487,5/11/2015
862,Adriano,Testo,atestonx@webeden.co.uk,Male,230.112.31.83,50180755246368571,3/29/2016
863,Franciskus,Baly,fbalyny@printfriendly.com,Male,226.104.195.223,3574915076736106,8/25/2014
864,Harriott,Michal,hmichalnz@sina.com.cn,Female,56.254.57.81,36340990358655,3/6/2017
865,Ric,Tulley,rtulleyo0@nymag.com,Male,101.244.207.213,6709929115181977,10/13/2016
866,Ardath,Zorzoni,azorzonio1@webnode.com,Female,234.220.206.3,3539257038656393,10/8/2013
867,Lauren,Sunderland,lsunderlando2@live.com,Male,250.162.153.122,5602255342143329,5/8/2015
868,Britta,Kundt,bkundto3@tinyurl.com,Female,65.104.222.5,5010124128708521,12/28/2014
869,Zolly,Ollie,zollieo4@google.com,Male,164.130.114.81,5408650851152362,3/3/2015
870,Jimmy,Rising,jrisingo5@seesaa.net,Male,78.33.154.172,6759705615358427621,1/20/2014
871,Desi,Prudham,dprudhamo6@intel.com,Male,42.8.195.142,30126790821315,5/13/2016
872,Milo,Geldeford,mgeldefordo7@unc.edu,Male,217.172.48.234,3569365655840696,6/15/2014
873,Alysia,Wilbore,awilboreo8@php.net,Female,243.123.56.161,633429980082078985,8/10/2017
874,Pammie,Corselles,pcorselleso9@tmall.com,Female,60.189.75.161,201834562338870,11/29/2015
875,Kitty,Romanini,kromaninioa@fastcompany.com,Female,77.27.66.203,501881482743414626,4/23/2014
876,Holly,Mugglestone,hmugglestoneob@mashable.com,Male,208.81.43.104,3539492343594779,7/13/2016
877,Alisa,Dreger,adregeroc@reuters.com,Female,177.79.211.182,4508988511949534,9/8/2014
878,Quinlan,Schechter,qschechterod@prnewswire.com,Male,22.207.66.176,201825656808240,5/22/2015
879,Regine,Kensall,rkensalloe@comcast.net,Female,194.181.14.156,30269284253866,6/30/2016
880,Eydie,Rampage,erampageof@psu.edu,Female,74.118.57.105,3558773998160958,1/26/2015
881,Madelaine,Pepperd,mpepperdog@fda.gov,Female,77.157.162.250,0604736598992884752,8/15/2015
882,Ddene,Strodder,dstrodderoh@nyu.edu,Female,189.61.50.240,5048375108492264,5/20/2016
883,Shepperd,Diment,sdimentoi@example.com,Male,2.80.105.164,6377212842110507,11/5/2013
884,Krishnah,Bucher,kbucheroj@taobao.com,Male,122.195.9.13,503866589406215218,2/13/2017
885,Joey,Amsberger,jamsbergerok@vimeo.com,Female,17.240.229.216,30101461972796,12/2/2013
886,Ingemar,Harp,iharpol@pinterest.com,Male,93.75.158.114,201693803802551,8/23/2017
887,Roby,Kamen,rkamenom@deviantart.com,Female,37.202.220.172,5425466763394102,2/13/2015
888,Elsie,Bulfield,ebulfieldon@merriam-webster.com,Female,158.105.246.29,3574127820304807,11/19/2016
889,Ruperto,Charville,rcharvilleoo@umich.edu,Male,66.204.91.75,5602252747950952,11/7/2014
890,Arleyne,Withrington,awithringtonop@unicef.org,Female,130.48.232.223,3582235690506557,9/23/2016
891,Allison,Dewen,adewenoq@multiply.com,Female,225.211.160.76,6384706486196764,6/11/2015
892,Walden,Dauber,wdauberor@si.edu,Male,200.79.126.228,3554800833273615,9/2/2017
893,Elihu,Millwater,emillwateros@blog.com,Male,96.37.79.93,3577788243374300,8/8/2015
894,Christi,Gurys,cgurysot@amazonaws.com,Female,91.183.156.141,5048376785618502,11/11/2016
895,Abrahan,Riley,arileyou@nasa.gov,Male,68.146.19.141,3570433928469011,1/9/2015
896,Lucho,Slyde,lslydeov@so-net.ne.jp,Male,234.65.96.137,3580336759620404,11/18/2015
897,Martha,Storah,mstorahow@unicef.org,Female,157.176.77.234,5179595119694886,2/21/2016
898,Lennard,Harman,lharmanox@yahoo.com,Male,126.216.224.19,6399135063231617,7/3/2014
899,Wade,Benettini,wbenettinioy@economist.com,Male,6.76.252.5,560223929638035091,2/12/2015
900,Chuck,Mendus,cmendusoz@pcworld.com,Male,48.73.205.24,374622178947585,1/13/2015
901,Jareb,Enns,jennsp0@cisco.com,Male,5.2.187.231,337941840254659,9/19/2016
902,Nicolette,Silvermann,nsilvermannp1@amazon.de,Female,40.33.34.92,3547951778187417,12/11/2016
903,Nataline,Eustanch,neustanchp2@shop-pro.jp,Female,7.190.1.86,6399076544595065,3/18/2014
904,Palm,Westmancoat,pwestmancoatp3@seesaa.net,Male,161.50.64.100,3572040822426746,9/5/2017
905,Amanda,Leckie,aleckiep4@cbsnews.com,Female,40.97.244.186,3544280373856199,8/14/2015
906,Ebonee,Boddice,eboddicep5@blogs.com,Female,164.40.183.178,345584934829679,1/5/2016
907,Gardy,Melmeth,gmelmethp6@stumbleupon.com,Male,56.108.12.130,3556828925647873,1/21/2014
908,Shoshana,Woofenden,swoofendenp7@google.com.br,Female,230.183.204.255,3550650541237046,8/4/2015
909,Vasili,Velde,vveldep8@army.mil,Male,102.70.254.238,4508213339520064,5/17/2016
910,Willette,Teesdale,wteesdalep9@reverbnation.com,Female,65.32.68.12,6771177274759562,10/1/2013
911,Obadias,Feeley,ofeeleypa@jimdo.com,Male,38.240.68.75,3589151766912251,7/30/2014
912,Turner,McAllister,tmcallisterpb@t.co,Male,152.107.143.248,3584005531040837,4/27/2016
913,Kipp,McNeish,kmcneishpc@ebay.co.uk,Male,201.143.91.184,3576091678663268,4/3/2015
914,Val,Ewert,vewertpd@php.net,Male,241.171.194.227,06044098365203263,2/26/2016
915,Ware,Pepi,wpepipe@wiley.com,Male,73.64.107.133,5100138618094144,3/30/2014
916,Berton,Lukasik,blukasikpf@exblog.jp,Male,25.237.83.105,3583435812042023,1/13/2015
917,Gayle,Garrod,ggarrodpg@cnn.com,Male,178.200.146.196,4508452066238017,9/10/2015
918,Estele,Bodker,ebodkerph@smh.com.au,Female,233.64.109.88,30328721372711,5/24/2015
919,Austin,Firbanks,afirbankspi@cbc.ca,Female,229.19.127.170,3528799649519935,12/27/2015
920,Babb,Mayward,bmaywardpj@yahoo.com,Female,13.151.90.79,3547872515420046,4/26/2014
921,Blair,MacKowle,bmackowlepk@hc360.com,Male,13.11.237.25,564182601681331419,3/16/2017
922,Hildagard,Hinze,hhinzepl@webmd.com,Female,119.128.109.17,4508244852379232,6/20/2014
923,Ricard,Tuckey,rtuckeypm@over-blog.com,Male,86.158.92.223,3531639073400373,1/29/2014
924,Rose,Gatchel,rgatchelpn@tinypic.com,Female,84.235.47.33,3536387495090399,9/27/2013
925,Amabelle,Nutty,anuttypo@cbc.ca,Female,59.199.119.23,3536067051626691,1/7/2015
926,Clayton,Mixhel,cmixhelpp@netlog.com,Male,139.35.90.117,4175001448242999,11/21/2013
927,Godfry,Lillecrop,glillecroppq@rakuten.co.jp,Male,161.38.251.91,201902581533126,7/8/2014
928,Billye,Clemoes,bclemoespr@live.com,Female,164.141.224.51,3537025486797007,5/9/2016
929,Rosabella,Blastock,rblastockps@marriott.com,Female,46.161.133.29,5610197119661366,5/11/2016
930,Dolley,Blood,dbloodpt@google.co.uk,Female,40.236.211.177,63040352713299944,5/15/2016
931,Willy,Rudderham,wrudderhampu@indiegogo.com,Female,179.101.104.111,5038000070675835,3/11/2014
932,Geoff,Bourner,gbournerpv@pcworld.com,Male,192.134.4.191,3555376322104545,4/1/2015
933,Amelia,Amorine,aamorinepw@google.nl,Female,115.28.95.219,3584186448982012,7/3/2014
934,Lynett,Hounson,lhounsonpx@trellian.com,Female,163.55.199.132,6771197485665075780,10/6/2015
935,Annnora,Rabl,arablpy@lycos.com,Female,197.22.5.180,060425963360748891,9/20/2015
936,Min,Dreigher,mdreigherpz@ox.ac.uk,Female,83.193.74.189,3548163470470567,9/26/2016
937,Yuma,MacBrearty,ymacbreartyq0@taobao.com,Male,163.123.199.135,3529259245978034,11/2/2013
938,Jemmie,Novak,jnovakq1@xrea.com,Female,167.149.70.151,4026366105741604,2/5/2015
939,Harlie,Dudson,hdudsonq2@wordpress.org,Female,220.40.193.50,201896526585730,8/29/2016
940,Royal,Kopman,rkopmanq3@oracle.com,Male,36.83.158.237,5610000130871693,4/7/2017
941,Douglas,Lafond,dlafondq4@mtv.com,Male,152.137.67.155,3560027058615435,5/20/2014
942,Geordie,Stickel,gstickelq5@mediafire.com,Male,24.44.71.38,3567231697641587,10/27/2013
943,Jayme,McCray,jmccrayq6@aboutads.info,Female,120.49.45.240,5564865762429671,2/16/2014
944,Ginelle,Cattlow,gcattlowq7@fastcompany.com,Female,132.176.175.116,5002355018655162,7/18/2017
945,Luther,Kirman,lkirmanq8@liveinternet.ru,Male,3.166.183.192,3551233231605837,10/23/2016
946,Fredericka,Flew,fflewq9@unicef.org,Female,231.175.50.62,372301639726241,10/31/2014
947,Laurette,McCreagh,lmccreaghqa@upenn.edu,Female,140.231.233.154,5185643178213636,3/2/2016
948,Zacharie,Ferentz,zferentzqb@redcross.org,Male,244.203.75.149,3542190130554692,6/28/2015
949,Darelle,Hooks,dhooksqc@uiuc.edu,Female,250.153.118.24,6333017034629013,11/19/2016
950,Alvy,Manshaw,amanshawqd@bravesites.com,Male,179.18.130.110,4936510676549954619,12/31/2015
951,Gabriella,Burnip,gburnipqe@posterous.com,Female,228.193.119.174,201500348109105,1/14/2015
952,Sybille,Ashtonhurst,sashtonhurstqf@privacy.gov.au,Female,42.247.84.197,4905739232972696,8/25/2015
953,Thebault,Davidowsky,tdavidowskyqg@addthis.com,Male,89.166.87.49,5018837923220796022,10/4/2015
954,Tremain,MacMearty,tmacmeartyqh@walmart.com,Male,36.206.27.134,3537922499247667,10/9/2013
955,Billie,Glanz,bglanzqi@hao123.com,Male,40.16.20.73,3573058948473409,12/18/2013
956,Mohandis,Gierke,mgierkeqj@toplist.cz,Male,254.126.3.214,6392737797556974,8/19/2015
957,Hamil,Stockdale,hstockdaleqk@ucoz.com,Male,19.246.187.7,36020563982996,3/13/2016
958,Virgie,Schirach,vschirachql@ezinearticles.com,Female,71.30.219.105,5602214182068948,4/14/2017
959,Arther,Hendrickx,ahendrickxqm@sbwire.com,Male,228.147.179.199,3539467156360591,1/3/2017
960,Gwynne,Hendren,ghendrenqn@chronoengine.com,Female,245.111.204.157,3539775604280413,12/18/2016
961,Casar,Clementel,cclementelqo@flavors.me,Male,78.105.87.24,501855251163624283,4/26/2016
962,Rebekkah,Linnett,rlinnettqp@squarespace.com,Female,8.237.161.148,3577577335522904,5/29/2017
963,Delcina,Fairbairn,dfairbairnqq@yahoo.co.jp,Female,210.152.84.229,3532977875708851,7/17/2017
964,Juliana,Wace,jwaceqr@nifty.com,Female,62.52.32.45,6334505702890602889,11/14/2013
965,Carmel,Chadwell,cchadwellqs@altervista.org,Female,31.137.192.225,56022130298739716,4/27/2016
966,Claretta,Delahunty,cdelahuntyqt@mozilla.com,Female,51.162.62.176,6398108535355943,11/13/2013
967,Rob,Walch,rwalchqu@nhs.uk,Male,11.10.43.20,5100174363334781,12/27/2014
968,Melita,Renish,mrenishqv@paypal.com,Female,99.65.36.97,3564471556182611,3/18/2017
969,Barbra,Gheeorghie,bgheeorghieqw@scribd.com,Female,172.57.113.130,5108759474266583,9/25/2013
970,Yorgos,Heppenspall,yheppenspallqx@addthis.com,Male,192.207.182.179,3569790874800249,3/2/2014
971,Perice,Gresly,pgreslyqy@rakuten.co.jp,Male,171.14.222.57,5100176054231507,7/23/2016
972,Toddie,Kuhne,tkuhneqz@springer.com,Male,58.25.225.124,6709139095778243620,3/27/2014
973,Siegfried,Kauble,skaubler0@cmu.edu,Male,59.207.137.60,0604072604496838872,4/11/2017
974,Mora,McQuorkell,mmcquorkellr1@wufoo.com,Female,83.62.62.120,349284158363705,1/25/2016
975,Grange,Fallow,gfallowr2@economist.com,Male,255.100.185.164,6334994430275360,1/25/2016
976,Otho,Nutten,onuttenr3@ihg.com,Male,60.172.151.64,5106364531883777,9/24/2015
977,Consolata,Cogswell,ccogswellr4@google.ca,Female,72.106.72.230,3562820040398914,6/21/2015
978,Albert,Sweeny,asweenyr5@youku.com,Male,144.88.227.236,3528550494265185,10/16/2013
979,Waring,Yea,wyear6@huffingtonpost.com,Male,252.96.239.157,3547765749595650,7/6/2014
980,Marwin,Orable,morabler7@surveymonkey.com,Male,198.66.220.167,5428754622223258,7/13/2015
981,Elena,Petrasso,epetrassor8@wikispaces.com,Female,180.210.12.11,3532794527778087,8/20/2017
982,Doug,Hilland,dhillandr9@unesco.org,Male,89.187.96.35,4405470980259210,2/4/2016
983,Lorelei,Newvill,lnewvillra@reuters.com,Female,15.10.108.29,5457685552434883,12/31/2014
984,Gary,Stenson,gstensonrb@bbc.co.uk,Male,116.24.5.12,6304369589939783,11/22/2014
985,Merrick,Wheaton,mwheatonrc@google.nl,Male,210.49.43.164,201922553237639,3/29/2017
986,Betteann,Edmeads,bedmeadsrd@bloomberg.com,Female,208.147.70.198,3554562611207021,3/7/2015
987,Gipsy,Schroter,gschroterre@webeden.co.uk,Female,129.224.65.255,5383761977266983,3/15/2016
988,Simonne,Corben,scorbenrf@google.de,Female,235.121.199.114,30250282495279,12/28/2015
989,Philip,Beckwith,pbeckwithrg@moonfruit.com,Male,113.97.189.163,3530969366153715,3/30/2015
990,Roarke,Gehricke,rgehrickerh@alexa.com,Male,106.53.236.186,5108751537750539,10/30/2016
991,Maureene,Sedgman,msedgmanri@umich.edu,Female,113.187.67.94,372354934049397,10/7/2015
992,Naomi,Vennart,nvennartrj@woothemes.com,Female,46.55.74.0,3543675407106449,10/12/2015
993,Ricki,Vowdon,rvowdonrk@hud.gov,Male,201.244.114.96,3565961206704714,12/13/2016
994,Fiann,Jzhakov,fjzhakovrl@homestead.com,Female,125.205.230.177,5602239989692269,11/17/2015
995,Ephraim,Easter,eeasterrm@fotki.com,Male,134.138.67.219,4017957317954539,12/7/2016
996,Emmaline,Dmitrichenko,edmitrichenkorn@hatena.ne.jp,Female,46.196.190.19,5602253548108386,6/11/2014
997,Giorgia,Bruckshaw,gbruckshawro@wikipedia.org,Female,192.44.244.57,3565584632140624,3/3/2017
998,Dav,Wimes,dwimesrp@themeforest.net,Male,220.89.145.113,4041378914865,4/12/2017
999,Adella,Chastanet,achastanetrq@cnn.com,Female,63.23.59.180,3576226173105379,11/28/2016
1000,Henrieta,Banville,hbanvillerr@creativecommons.org,Female,206.24.70.129,5010126571915206,10/4/2015

